"","Team","X","Opponent","Result","Date"
"1","Air Force","","Non-Major","W (37-21)",2016-09-03
"2","Air Force","","Georgia State","W (48-14)",2016-09-10
"3","Air Force","@","Utah State","W (27-20)",2016-09-24
"4","Air Force","","Navy","W (28-14)",2016-10-01
"5","Air Force","@","Wyoming","L (26-35)",2016-10-08
"6","Air Force","N","New Mexico","L (40-45)",2016-10-15
"7","Air Force","","Hawaii","L (27-34)",2016-10-22
"8","Air Force","@","Fresno State","W (31-21)",2016-10-28
"9","Air Force","@","Army","W (31-12)",2016-11-05
"10","Air Force","","Colorado State","W (49-46)",2016-11-12
"11","Air Force","@","San Jose State","W (41-38)",2016-11-19
"12","Air Force","","Boise State","W (27-20)",2016-11-25
"13","Air Force","N","South Alabama","W (45-21)",2016-12-30
"14","Akron","","Non-Major","W (47-24)",2016-09-03
"15","Akron","@","Wisconsin","L (10-54)",2016-09-10
"16","Akron","@","Marshall","W (65-38)",2016-09-17
"17","Akron","","Appalachian State","L (38-45)",2016-09-24
"18","Akron","@","Kent State","W (31-27)",2016-10-01
"19","Akron","","Miami (OH)","W (35-13)",2016-10-08
"20","Akron","","Western Michigan","L (0-41)",2016-10-15
"21","Akron","@","Ball State","W (35-25)",2016-10-22
"22","Akron","@","Buffalo","L (20-41)",2016-10-27
"23","Akron","","Toledo","L (17-48)",2016-11-02
"24","Akron","","Bowling Green State","L (28-38)",2016-11-09
"25","Akron","@","Ohio","L (3-9)",2016-11-22
"26","Alabama","N","Southern California","W (52-6)",2016-09-03
"27","Alabama","","Western Kentucky","W (38-10)",2016-09-10
"28","Alabama","@","Mississippi","W (48-43)",2016-09-17
"29","Alabama","","Kent State","W (48-0)",2016-09-24
"30","Alabama","","Kentucky","W (34-6)",2016-10-01
"31","Alabama","@","Arkansas","W (49-30)",2016-10-08
"32","Alabama","@","Tennessee","W (49-10)",2016-10-15
"33","Alabama","","Texas A&M","W (33-14)",2016-10-22
"34","Alabama","@","Louisiana State","W (10-0)",2016-11-05
"35","Alabama","","Mississippi State","W (51-3)",2016-11-12
"36","Alabama","","Non-Major","W (31-3)",2016-11-19
"37","Alabama","","Auburn","W (30-12)",2016-11-26
"38","Alabama","N","Florida","W (54-16)",2016-12-03
"39","Alabama","N","Washington","W (24-7)",2016-12-31
"40","Alabama","N","Clemson","L (31-35)",2017-01-09
"41","Appalachian State","@","Tennessee","L (13-20)",2016-09-01
"42","Appalachian State","","Old Dominion","W (31-7)",2016-09-10
"43","Appalachian State","","Miami (FL)","L (10-45)",2016-09-17
"45","Appalachian State","","Georgia State","W (17-3)",2016-10-01
"46","Appalachian State","@","Louisiana","W (24-0)",2016-10-12
"47","Appalachian State","","Idaho","W (37-19)",2016-10-22
"48","Appalachian State","@","Georgia Southern","W (34-10)",2016-10-27
"49","Appalachian State","","Texas State","W (35-10)",2016-11-05
"50","Appalachian State","@","Troy","L (24-28)",2016-11-12
"51","Appalachian State","","Louisiana-Monroe","W (42-17)",2016-11-19
"52","Appalachian State","@","New Mexico State","W (37-7)",2016-11-26
"53","Appalachian State","N","Toledo","W (31-28)",2016-12-17
"54","Arizona","N","Brigham Young","L (16-18)",2016-09-03
"55","Arizona","","Non-Major","W (31-21)",2016-09-10
"56","Arizona","","Hawaii","W (47-28)",2016-09-17
"57","Arizona","","Washington","L (28-35)",2016-09-24
"58","Arizona","@","UCLA","L (24-45)",2016-10-01
"59","Arizona","@","Utah","L (23-36)",2016-10-08
"60","Arizona","","Southern California","L (14-48)",2016-10-15
"61","Arizona","","Stanford","L (10-34)",2016-10-29
"62","Arizona","@","Washington State","L (7-69)",2016-11-05
"63","Arizona","","Colorado","L (24-49)",2016-11-12
"64","Arizona","@","Oregon State","L (17-42)",2016-11-19
"65","Arizona","","Arizona State","W (56-35)",2016-11-25
"66","Arizona State","","Non-Major","W (44-13)",2016-09-03
"67","Arizona State","","Texas Tech","W (68-55)",2016-09-10
"68","Arizona State","@","Texas-San Antonio","W (32-28)",2016-09-16
"69","Arizona State","","California","W (51-41)",2016-09-24
"70","Arizona State","@","Southern California","L (20-41)",2016-10-01
"71","Arizona State","","UCLA","W (23-20)",2016-10-08
"72","Arizona State","@","Colorado","L (16-40)",2016-10-15
"73","Arizona State","","Washington State","L (32-37)",2016-10-22
"74","Arizona State","@","Oregon","L (35-54)",2016-10-29
"75","Arizona State","","Utah","L (26-49)",2016-11-10
"76","Arizona State","@","Washington","L (18-44)",2016-11-19
"78","Arkansas","","Louisiana Tech","W (21-20)",2016-09-03
"79","Arkansas","@","Texas Christian","W (41-38)",2016-09-10
"80","Arkansas","","Texas State","W (42-3)",2016-09-17
"81","Arkansas","N","Texas A&M","L (24-45)",2016-09-24
"82","Arkansas","","Non-Major","W (52-10)",2016-10-01
"84","Arkansas","","Mississippi","W (34-30)",2016-10-15
"85","Arkansas","@","Auburn","L (3-56)",2016-10-22
"86","Arkansas","","Florida","W (31-10)",2016-11-05
"87","Arkansas","","Louisiana State","L (10-38)",2016-11-12
"88","Arkansas","@","Mississippi State","W (58-42)",2016-11-19
"89","Arkansas","@","Missouri","L (24-28)",2016-11-25
"90","Arkansas","N","Virginia Tech","L (24-35)",2016-12-29
"91","Arkansas State","","Toledo","L (10-31)",2016-09-02
"92","Arkansas State","@","Auburn","L (14-51)",2016-09-10
"93","Arkansas State","@","Utah State","L (20-34)",2016-09-16
"94","Arkansas State","","Non-Major","L (23-28)",2016-09-24
"95","Arkansas State","","Georgia Southern","W (27-26)",2016-10-05
"96","Arkansas State","","South Alabama","W (17-7)",2016-10-15
"97","Arkansas State","","Louisiana-Monroe","W (51-10)",2016-10-29
"98","Arkansas State","@","Georgia State","W (31-16)",2016-11-03
"99","Arkansas State","","New Mexico State","W (41-22)",2016-11-12
"100","Arkansas State","@","Troy","W (35-3)",2016-11-17
"101","Arkansas State","@","Louisiana","L (19-24)",2016-11-26
"102","Arkansas State","@","Texas State","W (36-14)",2016-12-03
"103","Arkansas State","N","Central Florida","W (31-13)",2016-12-17
"104","Army","@","Temple","W (28-13)",2016-09-02
"105","Army","","Rice","W (31-14)",2016-09-10
"106","Army","@","Texas-El Paso","W (66-14)",2016-09-17
"107","Army","@","Buffalo","L (20-23)",2016-09-24
"108","Army","@","Duke","L (6-13)",2016-10-08
"109","Army","","Non-Major","W (62-7)",2016-10-15
"110","Army","","North Texas","L (18-35)",2016-10-22
"111","Army","@","Wake Forest","W (21-13)",2016-10-29
"113","Army","N","Notre Dame","L (6-44)",2016-11-12
"114","Army","","Non-Major","W (60-3)",2016-11-19
"115","Army","N","Navy","W (21-17)",2016-12-10
"116","Army","N","North Texas","W (38-31)",2016-12-27
"117","Auburn","","Clemson","L (13-19)",2016-09-03
"119","Auburn","","Texas A&M","L (16-29)",2016-09-17
"120","Auburn","","Louisiana State","W (18-13)",2016-09-24
"121","Auburn","","Louisiana-Monroe","W (58-7)",2016-10-01
"122","Auburn","@","Mississippi State","W (38-14)",2016-10-08
"124","Auburn","@","Mississippi","W (40-29)",2016-10-29
"125","Auburn","","Vanderbilt","W (23-16)",2016-11-05
"126","Auburn","@","Georgia","L (7-13)",2016-11-12
"127","Auburn","","Non-Major","W (55-0)",2016-11-19
"129","Auburn","N","Oklahoma","L (19-35)",2017-01-02
"130","Ball State","@","Georgia State","W (31-21)",2016-09-02
"131","Ball State","@","Indiana","L (20-30)",2016-09-10
"132","Ball State","","Non-Major","W (41-14)",2016-09-17
"133","Ball State","@","Florida Atlantic","W (31-27)",2016-09-24
"134","Ball State","","Northern Illinois","L (24-31)",2016-10-01
"135","Ball State","@","Central Michigan","L (21-24)",2016-10-08
"136","Ball State","@","Buffalo","W (31-21)",2016-10-15
"138","Ball State","","Western Michigan","L (20-52)",2016-11-01
"139","Ball State","","Eastern Michigan","L (41-48)",2016-11-08
"140","Ball State","@","Toledo","L (19-37)",2016-11-16
"141","Ball State","@","Miami (OH)","L (20-21)",2016-11-22
"142","Baylor","","Non-Major","W (55-7)",2016-09-02
"143","Baylor","","Southern Methodist","W (40-13)",2016-09-10
"144","Baylor","@","Rice","W (38-10)",2016-09-16
"145","Baylor","","Oklahoma State","W (35-24)",2016-09-24
"146","Baylor","@","Iowa State","W (45-42)",2016-10-01
"147","Baylor","","Kansas","W (49-7)",2016-10-15
"148","Baylor","@","Texas","L (34-35)",2016-10-29
"149","Baylor","","Texas Christian","L (22-62)",2016-11-05
"150","Baylor","@","Oklahoma","L (24-45)",2016-11-12
"151","Baylor","","Kansas State","L (21-42)",2016-11-19
"152","Baylor","N","Texas Tech","L (35-54)",2016-11-25
"153","Baylor","@","West Virginia","L (21-24)",2016-12-03
"154","Baylor","N","Boise State","W (31-12)",2016-12-27
"155","Boise State","@","Louisiana","W (45-10)",2016-09-03
"156","Boise State","","Washington State","W (31-28)",2016-09-10
"157","Boise State","@","Oregon State","W (38-24)",2016-09-24
"158","Boise State","","Utah State","W (21-10)",2016-10-01
"159","Boise State","@","New Mexico","W (49-21)",2016-10-07
"160","Boise State","","Colorado State","W (28-23)",2016-10-15
"161","Boise State","","Brigham Young","W (28-27)",2016-10-20
"162","Boise State","@","Wyoming","L (28-30)",2016-10-29
"163","Boise State","","San Jose State","W (45-31)",2016-11-04
"164","Boise State","@","Hawaii","W (52-16)",2016-11-12
"165","Boise State","","Nevada-Las Vegas","W (42-25)",2016-11-18
"168","Boston College","N","Georgia Tech","L (14-17)",2016-09-03
"169","Boston College","@","Massachusetts","W (26-7)",2016-09-10
"170","Boston College","@","Virginia Tech","L (0-49)",2016-09-17
"171","Boston College","","Non-Major","W (42-10)",2016-09-24
"172","Boston College","","Buffalo","W (35-3)",2016-10-01
"173","Boston College","","Clemson","L (10-56)",2016-10-07
"174","Boston College","","Syracuse","L (20-28)",2016-10-22
"175","Boston College","@","North Carolina State","W (21-14)",2016-10-29
"176","Boston College","","Louisville","L (7-52)",2016-11-05
"177","Boston College","@","Florida State","L (7-45)",2016-11-11
"178","Boston College","","Connecticut","W (30-0)",2016-11-19
"179","Boston College","@","Wake Forest","W (17-14)",2016-11-26
"180","Boston College","N","Maryland","W (36-30)",2016-12-26
"181","Bowling Green State","@","Ohio State","L (10-77)",2016-09-03
"182","Bowling Green State","","Non-Major","W (27-26)",2016-09-10
"183","Bowling Green State","","Middle Tennessee State","L (21-41)",2016-09-17
"184","Bowling Green State","@","Memphis","L (3-77)",2016-09-24
"185","Bowling Green State","","Eastern Michigan","L (25-28)",2016-10-01
"186","Bowling Green State","@","Ohio","L (24-30)",2016-10-08
"187","Bowling Green State","@","Toledo","L (35-42)",2016-10-15
"188","Bowling Green State","","Miami (OH)","L (26-40)",2016-10-22
"189","Bowling Green State","@","Northern Illinois","L (20-45)",2016-11-01
"191","Bowling Green State","","Kent State","W (42-7)",2016-11-15
"192","Bowling Green State","","Buffalo","W (27-19)",2016-11-25
"194","Brigham Young","@","Utah","L (19-20)",2016-09-10
"195","Brigham Young","","UCLA","L (14-17)",2016-09-17
"196","Brigham Young","N","West Virginia","L (32-35)",2016-09-24
"197","Brigham Young","","Toledo","W (55-53)",2016-09-30
"198","Brigham Young","@","Michigan State","W (31-14)",2016-10-08
"199","Brigham Young","","Mississippi State","W (28-21)",2016-10-14
"201","Brigham Young","@","Cincinnati","W (20-3)",2016-11-05
"202","Brigham Young","","Non-Major","W (37-7)",2016-11-12
"203","Brigham Young","","Massachusetts","W (51-9)",2016-11-19
"204","Brigham Young","","Utah State","W (28-10)",2016-11-26
"205","Brigham Young","N","Wyoming","W (24-21)",2016-12-21
"206","Buffalo","","Non-Major","L (16-22)",2016-09-02
"207","Buffalo","@","Nevada","L (14-38)",2016-09-17
"210","Buffalo","","Kent State","L (20-44)",2016-10-08
"212","Buffalo","@","Northern Illinois","L (7-44)",2016-10-22
"214","Buffalo","@","Ohio","L (10-34)",2016-11-03
"215","Buffalo","","Miami (OH)","L (24-35)",2016-11-12
"216","Buffalo","@","Western Michigan","L (0-38)",2016-11-19
"218","California","N","Hawaii","W (51-31)",2016-08-26
"219","California","@","San Diego State","L (40-45)",2016-09-10
"220","California","","Texas","W (50-43)",2016-09-17
"222","California","","Utah","W (28-23)",2016-10-01
"223","California","@","Oregon State","L (44-47)",2016-10-08
"224","California","","Oregon","W (52-49)",2016-10-21
"225","California","@","Southern California","L (24-45)",2016-10-27
"226","California","","Washington","L (27-66)",2016-11-05
"227","California","@","Washington State","L (21-56)",2016-11-12
"228","California","","Stanford","L (31-45)",2016-11-19
"229","California","","UCLA","W (36-10)",2016-11-26
"230","Central Michigan","","Non-Major","W (49-3)",2016-09-01
"231","Central Michigan","@","Oklahoma State","W (30-27)",2016-09-10
"232","Central Michigan","","Nevada-Las Vegas","W (44-21)",2016-09-17
"233","Central Michigan","@","Virginia","L (35-49)",2016-09-24
"234","Central Michigan","","Western Michigan","L (10-49)",2016-10-01
"236","Central Michigan","@","Northern Illinois","W (34-28)",2016-10-15
"237","Central Michigan","@","Toledo","L (17-31)",2016-10-22
"238","Central Michigan","","Kent State","L (24-27)",2016-10-29
"239","Central Michigan","@","Miami (OH)","L (17-37)",2016-11-04
"240","Central Michigan","","Ohio","W (27-20)",2016-11-15
"241","Central Michigan","@","Eastern Michigan","L (21-26)",2016-11-22
"242","Central Michigan","N","Tulsa","L (10-55)",2016-12-19
"243","UNC Charlotte","@","Louisville","L (14-70)",2016-09-01
"244","UNC Charlotte","","Non-Major","W (47-14)",2016-09-10
"245","UNC Charlotte","","Eastern Michigan","L (19-37)",2016-09-17
"246","UNC Charlotte","@","Temple","L (20-48)",2016-09-24
"247","UNC Charlotte","","Old Dominion","L (17-52)",2016-10-01
"248","UNC Charlotte","@","Florida Atlantic","W (28-23)",2016-10-09
"249","UNC Charlotte","","Florida International","L (26-27)",2016-10-15
"250","UNC Charlotte","@","Marshall","W (27-24)",2016-10-22
"251","UNC Charlotte","@","Southern Mississippi","W (38-27)",2016-11-05
"252","UNC Charlotte","","Rice","L (21-22)",2016-11-12
"253","UNC Charlotte","","Middle Tennessee State","L (31-38)",2016-11-19
"254","UNC Charlotte","@","Texas-San Antonio","L (14-33)",2016-11-26
"255","Cincinnati","","Non-Major","W (28-7)",2016-09-01
"256","Cincinnati","@","Purdue","W (38-20)",2016-09-10
"257","Cincinnati","","Houston","L (16-40)",2016-09-15
"258","Cincinnati","","Miami (OH)","W (27-20)",2016-09-24
"259","Cincinnati","","South Florida","L (20-45)",2016-10-01
"260","Cincinnati","@","Connecticut","L (9-20)",2016-10-08
"261","Cincinnati","","East Carolina","W (31-19)",2016-10-22
"262","Cincinnati","@","Temple","L (13-34)",2016-10-29
"264","Cincinnati","@","Central Florida","L (3-24)",2016-11-12
"265","Cincinnati","","Memphis","L (7-34)",2016-11-18
"266","Cincinnati","@","Tulsa","L (37-40)",2016-11-25
"268","Clemson","","Troy","W (30-24)",2016-09-10
"269","Clemson","","Non-Major","W (59-0)",2016-09-17
"270","Clemson","@","Georgia Tech","W (26-7)",2016-09-22
"271","Clemson","","Louisville","W (42-36)",2016-10-01
"273","Clemson","","North Carolina State","W (24-17)",2016-10-15
"274","Clemson","@","Florida State","W (37-34)",2016-10-29
"275","Clemson","","Syracuse","W (54-0)",2016-11-05
"276","Clemson","","Pittsburgh","L (42-43)",2016-11-12
"277","Clemson","@","Wake Forest","W (35-13)",2016-11-19
"278","Clemson","","South Carolina","W (56-7)",2016-11-26
"279","Clemson","N","Virginia Tech","W (42-35)",2016-12-03
"280","Clemson","N","Ohio State","W (31-0)",2016-12-31
"282","Colorado","N","Colorado State","W (44-7)",2016-09-02
"283","Colorado","","Non-Major","W (56-7)",2016-09-10
"284","Colorado","@","Michigan","L (28-45)",2016-09-17
"285","Colorado","@","Oregon","W (41-38)",2016-09-24
"286","Colorado","","Oregon State","W (47-6)",2016-10-01
"287","Colorado","@","Southern California","L (17-21)",2016-10-08
"289","Colorado","@","Stanford","W (10-5)",2016-10-22
"290","Colorado","","UCLA","W (20-10)",2016-11-03
"292","Colorado","","Washington State","W (38-24)",2016-11-19
"293","Colorado","","Utah","W (27-22)",2016-11-26
"294","Colorado","N","Washington","L (10-41)",2016-12-02
"295","Colorado","N","Oklahoma State","L (8-38)",2016-12-29
"297","Colorado State","","Texas-San Antonio","W (23-14)",2016-09-10
"298","Colorado State","","Non-Major","W (47-21)",2016-09-17
"299","Colorado State","@","Minnesota","L (24-31)",2016-09-24
"300","Colorado State","","Wyoming","L (17-38)",2016-10-01
"301","Colorado State","","Utah State","W (31-24)",2016-10-08
"303","Colorado State","@","Nevada-Las Vegas","W (42-23)",2016-10-22
"304","Colorado State","","Fresno State","W (37-0)",2016-11-05
"306","Colorado State","","New Mexico","W (49-31)",2016-11-19
"307","Colorado State","@","San Diego State","W (63-31)",2016-11-26
"308","Colorado State","N","Idaho","L (50-61)",2016-12-22
"309","Connecticut","","Non-Major","W (24-21)",2016-09-01
"310","Connecticut","@","Navy","L (24-28)",2016-09-10
"311","Connecticut","","Virginia","W (13-10)",2016-09-17
"312","Connecticut","","Syracuse","L (24-31)",2016-09-24
"313","Connecticut","@","Houston","L (14-42)",2016-09-29
"315","Connecticut","@","South Florida","L (27-42)",2016-10-15
"316","Connecticut","","Central Florida","L (16-24)",2016-10-22
"317","Connecticut","@","East Carolina","L (3-41)",2016-10-29
"318","Connecticut","","Temple","L (0-21)",2016-11-04
"320","Connecticut","","Tulane","L (13-38)",2016-11-26
"321","Duke","","Non-Major","W (49-6)",2016-09-03
"322","Duke","","Wake Forest","L (14-24)",2016-09-10
"323","Duke","@","Northwestern","L (13-24)",2016-09-17
"324","Duke","@","Notre Dame","W (38-35)",2016-09-24
"325","Duke","","Virginia","L (20-34)",2016-10-01
"327","Duke","@","Louisville","L (14-24)",2016-10-14
"328","Duke","@","Georgia Tech","L (35-38)",2016-10-29
"329","Duke","","Virginia Tech","L (21-24)",2016-11-05
"330","Duke","","North Carolina","W (28-27)",2016-11-10
"331","Duke","@","Pittsburgh","L (14-56)",2016-11-19
"332","Duke","@","Miami (FL)","L (21-40)",2016-11-26
"333","East Carolina","","Non-Major","W (52-7)",2016-09-03
"334","East Carolina","","North Carolina State","W (33-30)",2016-09-10
"335","East Carolina","@","South Carolina","L (15-20)",2016-09-17
"336","East Carolina","@","Virginia Tech","L (17-54)",2016-09-24
"337","East Carolina","","Central Florida","L (29-47)",2016-10-01
"338","East Carolina","@","South Florida","L (22-38)",2016-10-08
"341","East Carolina","@","Tulsa","L (24-45)",2016-11-05
"342","East Carolina","","Southern Methodist","L (31-55)",2016-11-12
"343","East Carolina","","Navy","L (31-66)",2016-11-19
"344","East Carolina","@","Temple","L (10-37)",2016-11-26
"345","Eastern Michigan","","Non-Major","W (61-14)",2016-09-02
"346","Eastern Michigan","@","Missouri","L (21-61)",2016-09-10
"348","Eastern Michigan","","Wyoming","W (27-24)",2016-09-23
"350","Eastern Michigan","","Toledo","L (20-35)",2016-10-08
"351","Eastern Michigan","@","Ohio","W (27-20)",2016-10-15
"352","Eastern Michigan","@","Western Michigan","L (31-45)",2016-10-22
"353","Eastern Michigan","","Miami (OH)","L (15-28)",2016-10-29
"355","Eastern Michigan","","Northern Illinois","L (24-31)",2016-11-16
"357","Eastern Michigan","N","Old Dominion","L (20-24)",2016-12-23
"358","Florida Atlantic","","Non-Major","W (38-30)",2016-09-03
"359","Florida Atlantic","@","Miami (FL)","L (10-38)",2016-09-10
"360","Florida Atlantic","@","Kansas State","L (7-63)",2016-09-17
"362","Florida Atlantic","@","Florida International","L (31-33)",2016-10-01
"364","Florida Atlantic","@","Marshall","L (21-27)",2016-10-15
"365","Florida Atlantic","","Western Kentucky","L (3-52)",2016-10-29
"366","Florida Atlantic","@","Rice","W (42-25)",2016-11-05
"367","Florida Atlantic","","Texas-El Paso","W (35-31)",2016-11-12
"368","Florida Atlantic","","Old Dominion","L (24-42)",2016-11-19
"369","Florida Atlantic","@","Middle Tennessee State","L (56-77)",2016-11-26
"370","Florida","","Massachusetts","W (24-7)",2016-09-03
"371","Florida","","Kentucky","W (45-7)",2016-09-10
"372","Florida","","North Texas","W (32-0)",2016-09-17
"373","Florida","@","Tennessee","L (28-38)",2016-09-24
"374","Florida","@","Vanderbilt","W (13-6)",2016-10-01
"375","Florida","","Missouri","W (40-14)",2016-10-15
"376","Florida","N","Georgia","W (24-10)",2016-10-29
"378","Florida","","South Carolina","W (20-7)",2016-11-12
"379","Florida","@","Louisiana State","W (16-10)",2016-11-19
"380","Florida","@","Florida State","L (13-31)",2016-11-26
"382","Florida","N","Iowa","W (30-3)",2017-01-02
"383","Florida International","","Indiana","L (13-34)",2016-09-01
"384","Florida International","","Maryland","L (14-41)",2016-09-09
"385","Florida International","@","Massachusetts","L (13-21)",2016-09-17
"386","Florida International","","Central Florida","L (14-53)",2016-09-24
"388","Florida International","@","Texas-El Paso","W (35-21)",2016-10-08
"390","Florida International","","Louisiana Tech","L (24-44)",2016-10-22
"391","Florida International","","Middle Tennessee State","L (35-42)",2016-10-29
"392","Florida International","@","Western Kentucky","L (21-49)",2016-11-05
"393","Florida International","","Marshall","W (31-14)",2016-11-19
"394","Florida International","@","Old Dominion","L (28-42)",2016-11-26
"395","Florida State","N","Mississippi","W (45-34)",2016-09-05
"396","Florida State","","Non-Major","W (52-8)",2016-09-10
"397","Florida State","@","Louisville","L (20-63)",2016-09-17
"398","Florida State","@","South Florida","W (55-35)",2016-09-24
"399","Florida State","","North Carolina","L (35-37)",2016-10-01
"400","Florida State","@","Miami (FL)","W (20-19)",2016-10-08
"401","Florida State","","Wake Forest","W (17-6)",2016-10-15
"403","Florida State","@","North Carolina State","W (24-20)",2016-11-05
"405","Florida State","@","Syracuse","W (45-14)",2016-11-19
"407","Florida State","N","Michigan","W (33-32)",2016-12-30
"408","Fresno State","@","Nebraska","L (10-43)",2016-09-03
"409","Fresno State","","Non-Major","W (31-3)",2016-09-10
"410","Fresno State","@","Toledo","L (17-52)",2016-09-17
"411","Fresno State","","Tulsa","L (41-48)",2016-09-24
"412","Fresno State","@","Nevada-Las Vegas","L (20-45)",2016-10-01
"413","Fresno State","@","Nevada","L (22-27)",2016-10-08
"414","Fresno State","","San Diego State","L (3-17)",2016-10-14
"415","Fresno State","@","Utah State","L (20-38)",2016-10-22
"418","Fresno State","","Hawaii","L (13-14)",2016-11-19
"419","Fresno State","","San Jose State","L (14-16)",2016-11-26
"420","Georgia","N","North Carolina","W (33-24)",2016-09-03
"421","Georgia","","Non-Major","W (26-24)",2016-09-10
"422","Georgia","@","Missouri","W (28-27)",2016-09-17
"423","Georgia","@","Mississippi","L (14-45)",2016-09-24
"424","Georgia","","Tennessee","L (31-34)",2016-10-01
"425","Georgia","@","South Carolina","W (28-14)",2016-10-09
"426","Georgia","","Vanderbilt","L (16-17)",2016-10-15
"428","Georgia","@","Kentucky","W (27-24)",2016-11-05
"430","Georgia","","Louisiana","W (35-21)",2016-11-19
"431","Georgia","","Georgia Tech","L (27-28)",2016-11-26
"432","Georgia","N","Texas Christian","W (31-23)",2016-12-30
"433","Georgia Southern","","Non-Major","W (54-0)",2016-09-03
"434","Georgia Southern","@","South Alabama","W (24-9)",2016-09-10
"435","Georgia Southern","","Louisiana-Monroe","W (23-21)",2016-09-17
"436","Georgia Southern","@","Western Michigan","L (31-49)",2016-09-24
"438","Georgia Southern","@","Georgia Tech","L (24-35)",2016-10-15
"439","Georgia Southern","@","New Mexico State","W (22-19)",2016-10-22
"441","Georgia Southern","@","Mississippi","L (27-37)",2016-11-05
"442","Georgia Southern","","Louisiana","L (26-33)",2016-11-10
"443","Georgia Southern","@","Georgia State","L (24-30)",2016-11-19
"444","Georgia Southern","","Troy","W (28-24)",2016-12-03
"447","Georgia State","@","Wisconsin","L (17-23)",2016-09-17
"449","Georgia State","","Texas State","W (41-21)",2016-10-08
"450","Georgia State","@","Troy","L (21-31)",2016-10-15
"451","Georgia State","","Non-Major","W (31-6)",2016-10-22
"452","Georgia State","@","South Alabama","L (10-13)",2016-10-29
"454","Georgia State","","Louisiana-Monroe","L (23-37)",2016-11-12
"456","Georgia State","@","Idaho","L (12-37)",2016-12-03
"458","Georgia Tech","","Non-Major","W (35-10)",2016-09-10
"459","Georgia Tech","","Vanderbilt","W (38-7)",2016-09-17
"461","Georgia Tech","","Miami (FL)","L (21-35)",2016-10-01
"462","Georgia Tech","@","Pittsburgh","L (34-37)",2016-10-08
"465","Georgia Tech","@","North Carolina","L (20-48)",2016-11-05
"466","Georgia Tech","@","Virginia Tech","W (30-20)",2016-11-12
"467","Georgia Tech","","Virginia","W (31-17)",2016-11-19
"469","Georgia Tech","N","Kentucky","W (33-18)",2016-12-31
"471","Hawaii","@","Michigan","L (3-63)",2016-09-03
"472","Hawaii","","Non-Major","W (41-36)",2016-09-10
"474","Hawaii","","Nevada","W (38-17)",2016-10-01
"475","Hawaii","@","San Jose State","W (34-17)",2016-10-08
"476","Hawaii","","Nevada-Las Vegas","L (38-41)",2016-10-15
"478","Hawaii","","New Mexico","L (21-28)",2016-10-29
"479","Hawaii","@","San Diego State","L (0-55)",2016-11-05
"482","Hawaii","","Massachusetts","W (46-40)",2016-11-26
"483","Hawaii","N","Middle Tennessee State","W (52-35)",2016-12-24
"484","Houston","N","Oklahoma","W (33-23)",2016-09-03
"485","Houston","","Non-Major","W (42-0)",2016-09-10
"487","Houston","@","Texas State","W (64-3)",2016-09-24
"489","Houston","@","Navy","L (40-46)",2016-10-08
"490","Houston","","Tulsa","W (38-31)",2016-10-15
"491","Houston","@","Southern Methodist","L (16-38)",2016-10-22
"492","Houston","","Central Florida","W (31-24)",2016-10-29
"493","Houston","","Tulane","W (30-18)",2016-11-12
"494","Houston","","Louisville","W (36-10)",2016-11-17
"495","Houston","@","Memphis","L (44-48)",2016-11-25
"496","Houston","N","San Diego State","L (10-34)",2016-12-17
"497","Idaho","","Non-Major","W (20-17)",2016-09-01
"498","Idaho","@","Washington","L (14-59)",2016-09-10
"499","Idaho","@","Washington State","L (6-56)",2016-09-17
"500","Idaho","@","Nevada-Las Vegas","W (33-30)",2016-09-24
"501","Idaho","","Troy","L (13-34)",2016-10-01
"502","Idaho","@","Louisiana-Monroe","W (34-31)",2016-10-08
"503","Idaho","","New Mexico State","W (55-23)",2016-10-15
"505","Idaho","@","Louisiana","W (23-13)",2016-11-05
"506","Idaho","@","Texas State","W (47-14)",2016-11-12
"507","Idaho","","South Alabama","W (38-31)",2016-11-26
"510","Illinois","","Non-Major","W (52-3)",2016-09-03
"511","Illinois","","North Carolina","L (23-48)",2016-09-10
"512","Illinois","","Western Michigan","L (10-34)",2016-09-17
"513","Illinois","@","Nebraska","L (16-31)",2016-10-01
"514","Illinois","","Purdue","L (31-34)",2016-10-08
"515","Illinois","@","Rutgers","W (24-7)",2016-10-15
"516","Illinois","@","Michigan","L (8-41)",2016-10-22
"517","Illinois","","Minnesota","L (17-40)",2016-10-29
"518","Illinois","","Michigan State","W (31-27)",2016-11-05
"519","Illinois","@","Wisconsin","L (3-48)",2016-11-12
"520","Illinois","","Iowa","L (0-28)",2016-11-19
"521","Illinois","@","Northwestern","L (21-42)",2016-11-26
"524","Indiana","","Wake Forest","L (28-33)",2016-09-24
"525","Indiana","","Michigan State","W (24-21)",2016-10-01
"526","Indiana","@","Ohio State","L (17-38)",2016-10-08
"527","Indiana","","Nebraska","L (22-27)",2016-10-15
"528","Indiana","@","Northwestern","L (14-24)",2016-10-22
"529","Indiana","","Maryland","W (42-36)",2016-10-29
"530","Indiana","@","Rutgers","W (33-27)",2016-11-05
"531","Indiana","","Penn State","L (31-45)",2016-11-12
"532","Indiana","@","Michigan","L (10-20)",2016-11-19
"533","Indiana","","Purdue","W (26-24)",2016-11-26
"534","Indiana","N","Utah","L (24-26)",2016-12-28
"535","Iowa","","Miami (OH)","W (45-21)",2016-09-03
"536","Iowa","","Iowa State","W (42-3)",2016-09-10
"537","Iowa","","Non-Major","L (21-23)",2016-09-17
"538","Iowa","@","Rutgers","W (14-7)",2016-09-24
"539","Iowa","","Northwestern","L (31-38)",2016-10-01
"540","Iowa","@","Minnesota","W (14-7)",2016-10-08
"541","Iowa","@","Purdue","W (49-35)",2016-10-15
"542","Iowa","","Wisconsin","L (9-17)",2016-10-22
"543","Iowa","@","Penn State","L (14-41)",2016-11-05
"544","Iowa","","Michigan","W (14-13)",2016-11-12
"546","Iowa","","Nebraska","W (40-10)",2016-11-25
"548","Iowa State","","Non-Major","L (20-25)",2016-09-03
"550","Iowa State","@","Texas Christian","L (20-41)",2016-09-17
"551","Iowa State","","San Jose State","W (44-10)",2016-09-24
"553","Iowa State","@","Oklahoma State","L (31-38)",2016-10-08
"554","Iowa State","@","Texas","L (6-27)",2016-10-15
"555","Iowa State","","Kansas State","L (26-31)",2016-10-29
"556","Iowa State","","Oklahoma","L (24-34)",2016-11-03
"557","Iowa State","@","Kansas","W (31-24)",2016-11-12
"558","Iowa State","","Texas Tech","W (66-10)",2016-11-19
"559","Iowa State","","West Virginia","L (19-49)",2016-11-26
"560","Kansas","","Non-Major","W (55-6)",2016-09-03
"561","Kansas","","Ohio","L (21-37)",2016-09-10
"562","Kansas","@","Memphis","L (7-43)",2016-09-17
"563","Kansas","@","Texas Tech","L (19-55)",2016-09-29
"564","Kansas","","Texas Christian","L (23-24)",2016-10-08
"566","Kansas","","Oklahoma State","L (20-44)",2016-10-22
"567","Kansas","@","Oklahoma","L (3-56)",2016-10-29
"568","Kansas","@","West Virginia","L (21-48)",2016-11-05
"570","Kansas","","Texas","W (24-21)",2016-11-19
"571","Kansas","@","Kansas State","L (19-34)",2016-11-26
"572","Kansas State","@","Stanford","L (13-26)",2016-09-02
"574","Kansas State","","Non-Major","W (35-0)",2016-09-24
"575","Kansas State","@","West Virginia","L (16-17)",2016-10-01
"576","Kansas State","","Texas Tech","W (44-38)",2016-10-08
"577","Kansas State","@","Oklahoma","L (17-38)",2016-10-15
"578","Kansas State","","Texas","W (24-21)",2016-10-22
"580","Kansas State","","Oklahoma State","L (37-43)",2016-11-05
"583","Kansas State","@","Texas Christian","W (30-6)",2016-12-03
"584","Kansas State","N","Texas A&M","W (33-28)",2016-12-28
"585","Kent State","@","Penn State","L (13-33)",2016-09-03
"586","Kent State","","Non-Major","L (36-39)",2016-09-10
"587","Kent State","","Non-Major","W (27-7)",2016-09-17
"591","Kent State","@","Miami (OH)","L (14-18)",2016-10-15
"592","Kent State","","Ohio","L (10-14)",2016-10-22
"594","Kent State","","Western Michigan","L (21-37)",2016-11-08
"596","Kent State","","Northern Illinois","L (21-31)",2016-11-25
"597","Kentucky","","Southern Mississippi","L (35-44)",2016-09-03
"599","Kentucky","","New Mexico State","W (62-42)",2016-09-17
"600","Kentucky","","South Carolina","W (17-10)",2016-09-24
"602","Kentucky","","Vanderbilt","W (20-13)",2016-10-08
"603","Kentucky","","Mississippi State","W (40-38)",2016-10-22
"604","Kentucky","@","Missouri","W (35-21)",2016-10-29
"606","Kentucky","@","Tennessee","L (36-49)",2016-11-12
"607","Kentucky","","Non-Major","W (49-13)",2016-11-19
"608","Kentucky","@","Louisville","W (41-38)",2016-11-26
"611","Louisiana","","Non-Major","W (30-22)",2016-09-10
"612","Louisiana","","South Alabama","W (28-23)",2016-09-17
"613","Louisiana","@","Tulane","L (39-41)",2016-09-24
"614","Louisiana","@","New Mexico State","L (31-37)",2016-10-01
"616","Louisiana","@","Texas State","W (27-3)",2016-10-22
"621","Louisiana","@","Louisiana-Monroe","W (30-3)",2016-12-03
"622","Louisiana","N","Southern Mississippi","L (21-28)",2016-12-17
"623","Louisiana-Monroe","","Non-Major","W (38-21)",2016-09-03
"624","Louisiana-Monroe","@","Oklahoma","L (17-59)",2016-09-10
"628","Louisiana-Monroe","","Texas State","W (40-34)",2016-10-15
"629","Louisiana-Monroe","@","New Mexico","L (17-59)",2016-10-22
"631","Louisiana-Monroe","","South Alabama","W (42-35)",2016-11-05
"636","Louisiana Tech","","Non-Major","W (53-24)",2016-09-10
"637","Louisiana Tech","@","Texas Tech","L (45-59)",2016-09-17
"638","Louisiana Tech","@","Middle Tennessee State","L (34-38)",2016-09-24
"639","Louisiana Tech","","Texas-El Paso","W (28-7)",2016-10-01
"640","Louisiana Tech","","Western Kentucky","W (55-52)",2016-10-06
"641","Louisiana Tech","@","Massachusetts","W (56-28)",2016-10-15
"643","Louisiana Tech","","Rice","W (61-16)",2016-10-29
"644","Louisiana Tech","@","North Texas","W (45-24)",2016-11-05
"645","Louisiana Tech","","Texas-San Antonio","W (63-35)",2016-11-12
"646","Louisiana Tech","@","Southern Mississippi","L (24-39)",2016-11-25
"647","Louisiana Tech","@","Western Kentucky","L (44-58)",2016-12-03
"648","Louisiana Tech","N","Navy","W (48-45)",2016-12-23
"650","Louisville","@","Syracuse","W (62-28)",2016-09-09
"652","Louisville","@","Marshall","W (59-28)",2016-09-24
"655","Louisville","","North Carolina State","W (54-13)",2016-10-22
"656","Louisville","@","Virginia","W (32-25)",2016-10-29
"658","Louisville","","Wake Forest","W (44-12)",2016-11-12
"661","Louisville","N","Louisiana State","L (9-29)",2016-12-31
"662","Louisiana State","N","Wisconsin","L (14-16)",2016-09-03
"663","Louisiana State","","Non-Major","W (34-13)",2016-09-10
"664","Louisiana State","","Mississippi State","W (23-20)",2016-09-17
"666","Louisiana State","","Missouri","W (42-7)",2016-10-01
"667","Louisiana State","","Southern Mississippi","W (45-10)",2016-10-15
"668","Louisiana State","","Mississippi","W (38-21)",2016-10-22
"672","Louisiana State","@","Texas A&M","W (54-39)",2016-11-24
"674","Marshall","","Non-Major","W (62-0)",2016-09-10
"677","Marshall","@","Pittsburgh","L (27-43)",2016-10-01
"678","Marshall","@","North Texas","L (21-38)",2016-10-08
"681","Marshall","@","Southern Mississippi","L (14-24)",2016-10-29
"682","Marshall","@","Old Dominion","L (14-38)",2016-11-05
"683","Marshall","","Middle Tennessee State","W (42-17)",2016-11-12
"685","Marshall","","Western Kentucky","L (6-60)",2016-11-26
"686","Maryland","","Non-Major","W (52-13)",2016-09-03
"688","Maryland","@","Central Florida","W (30-24)",2016-09-17
"689","Maryland","","Purdue","W (50-7)",2016-10-01
"690","Maryland","@","Penn State","L (14-38)",2016-10-08
"691","Maryland","","Minnesota","L (10-31)",2016-10-15
"692","Maryland","","Michigan State","W (28-17)",2016-10-22
"694","Maryland","@","Michigan","L (3-59)",2016-11-05
"695","Maryland","","Ohio State","L (3-62)",2016-11-12
"696","Maryland","@","Nebraska","L (7-28)",2016-11-19
"697","Maryland","","Rutgers","W (31-13)",2016-11-26
"702","Massachusetts","","Mississippi State","L (35-47)",2016-09-24
"703","Massachusetts","","Tulane","L (24-31)",2016-10-01
"704","Massachusetts","@","Old Dominion","L (16-36)",2016-10-07
"706","Massachusetts","@","South Carolina","L (28-34)",2016-10-22
"707","Massachusetts","","Non-Major","W (34-10)",2016-10-29
"708","Massachusetts","@","Troy","L (31-52)",2016-11-05
"711","Memphis","","Non-Major","W (35-17)",2016-09-03
"714","Memphis","@","Mississippi","L (28-48)",2016-10-01
"715","Memphis","","Temple","W (34-27)",2016-10-06
"716","Memphis","@","Tulane","W (24-14)",2016-10-14
"717","Memphis","@","Navy","L (28-42)",2016-10-22
"718","Memphis","","Tulsa","L (30-59)",2016-10-29
"719","Memphis","@","Southern Methodist","W (51-7)",2016-11-05
"720","Memphis","","South Florida","L (42-49)",2016-11-12
"723","Memphis","N","Western Kentucky","L (31-51)",2016-12-20
"724","Miami (FL)","","Non-Major","W (70-3)",2016-09-03
"729","Miami (FL)","","North Carolina","L (13-20)",2016-10-15
"730","Miami (FL)","@","Virginia Tech","L (16-37)",2016-10-20
"731","Miami (FL)","@","Notre Dame","L (27-30)",2016-10-29
"732","Miami (FL)","","Pittsburgh","W (51-28)",2016-11-05
"733","Miami (FL)","@","Virginia","W (34-14)",2016-11-12
"734","Miami (FL)","@","North Carolina State","W (27-13)",2016-11-19
"736","Miami (FL)","N","West Virginia","W (31-14)",2016-12-28
"738","Miami (OH)","","Non-Major","L (17-21)",2016-09-10
"739","Miami (OH)","","Western Kentucky","L (24-31)",2016-09-17
"741","Miami (OH)","","Ohio","L (7-17)",2016-10-01
"749","Miami (OH)","N","Mississippi State","L (16-17)",2016-12-26
"751","Michigan","","Central Florida","W (51-14)",2016-09-10
"753","Michigan","","Penn State","W (49-10)",2016-09-24
"754","Michigan","","Wisconsin","W (14-7)",2016-10-01
"755","Michigan","@","Rutgers","W (78-0)",2016-10-08
"757","Michigan","@","Michigan State","W (32-23)",2016-10-29
"761","Michigan","@","Ohio State","L (27-30)",2016-11-26
"763","Michigan State","","Non-Major","W (28-13)",2016-09-02
"764","Michigan State","@","Notre Dame","W (36-28)",2016-09-17
"765","Michigan State","","Wisconsin","L (6-30)",2016-09-24
"768","Michigan State","","Northwestern","L (40-54)",2016-10-15
"772","Michigan State","","Rutgers","W (49-0)",2016-11-12
"773","Michigan State","","Ohio State","L (16-17)",2016-11-19
"774","Michigan State","@","Penn State","L (12-45)",2016-11-26
"775","Middle Tennessee State","","Non-Major","W (55-0)",2016-09-03
"776","Middle Tennessee State","@","Vanderbilt","L (24-47)",2016-09-10
"779","Middle Tennessee State","@","North Texas","W (30-13)",2016-10-01
"780","Middle Tennessee State","","Western Kentucky","L (43-44)",2016-10-15
"781","Middle Tennessee State","@","Missouri","W (51-45)",2016-10-22
"783","Middle Tennessee State","","Texas-San Antonio","L (25-45)",2016-11-05
"788","Minnesota","","Oregon State","W (30-23)",2016-09-01
"789","Minnesota","","Non-Major","W (58-28)",2016-09-10
"791","Minnesota","@","Penn State","L (26-29)",2016-10-01
"794","Minnesota","","Rutgers","W (34-32)",2016-10-22
"796","Minnesota","","Purdue","W (44-31)",2016-11-05
"797","Minnesota","@","Nebraska","L (17-24)",2016-11-12
"798","Minnesota","","Northwestern","W (29-12)",2016-11-19
"799","Minnesota","@","Wisconsin","L (17-31)",2016-11-26
"800","Minnesota","N","Washington State","W (17-12)",2016-12-27
"801","Mississippi State","","South Alabama","L (20-21)",2016-09-03
"802","Mississippi State","","South Carolina","W (27-14)",2016-09-10
"808","Mississippi State","","Non-Major","W (56-41)",2016-10-29
"809","Mississippi State","","Texas A&M","W (35-28)",2016-11-05
"812","Mississippi State","@","Mississippi","W (55-20)",2016-11-26
"814","Missouri","@","West Virginia","L (11-26)",2016-09-03
"817","Missouri","","Non-Major","W (79-0)",2016-09-24
"822","Missouri","@","South Carolina","L (21-31)",2016-11-05
"823","Missouri","","Vanderbilt","W (26-17)",2016-11-12
"824","Missouri","@","Tennessee","L (37-63)",2016-11-19
"826","Navy","","Non-Major","W (52-16)",2016-09-03
"828","Navy","@","Tulane","W (21-14)",2016-09-17
"832","Navy","@","South Florida","L (45-52)",2016-10-28
"833","Navy","N","Notre Dame","W (28-27)",2016-11-05
"834","Navy","","Tulsa","W (42-40)",2016-11-12
"836","Navy","@","Southern Methodist","W (75-31)",2016-11-26
"837","Navy","","Temple","L (10-34)",2016-12-03
"841","Nebraska","","Wyoming","W (52-17)",2016-09-10
"842","Nebraska","","Oregon","W (35-32)",2016-09-17
"843","Nebraska","@","Northwestern","W (24-13)",2016-09-24
"846","Nebraska","","Purdue","W (27-14)",2016-10-22
"847","Nebraska","@","Wisconsin","L (17-23)",2016-10-29
"848","Nebraska","@","Ohio State","L (3-62)",2016-11-05
"852","Nebraska","N","Tennessee","L (24-38)",2016-12-30
"853","Nevada","","Non-Major","W (30-27)",2016-09-02
"854","Nevada","@","Notre Dame","L (10-39)",2016-09-10
"856","Nevada","@","Purdue","L (14-24)",2016-09-24
"859","Nevada","@","San Jose State","L (10-14)",2016-10-15
"860","Nevada","","Wyoming","L (34-42)",2016-10-22
"861","Nevada","@","New Mexico","L (26-35)",2016-11-05
"862","Nevada","","San Diego State","L (16-46)",2016-11-12
"863","Nevada","","Utah State","W (38-37)",2016-11-19
"864","Nevada","@","Nevada-Las Vegas","W (45-10)",2016-11-26
"865","New Mexico","","Non-Major","W (48-21)",2016-09-01
"866","New Mexico","@","New Mexico State","L (31-32)",2016-09-10
"867","New Mexico","@","Rutgers","L (28-37)",2016-09-17
"868","New Mexico","","San Jose State","W (48-41)",2016-10-01
"874","New Mexico","@","Utah State","W (24-21)",2016-11-12
"876","New Mexico","","Wyoming","W (56-35)",2016-11-26
"877","New Mexico","N","Texas-San Antonio","W (23-20)",2016-12-17
"878","New Mexico State","@","Texas-El Paso","L (22-38)",2016-09-03
"881","New Mexico State","@","Troy","L (6-52)",2016-09-24
"885","New Mexico State","@","Texas A&M","L (10-52)",2016-10-29
"887","New Mexico State","","Texas State","W (50-10)",2016-11-19
"889","New Mexico State","@","South Alabama","L (28-35)",2016-12-03
"892","North Carolina","","Non-Major","W (56-28)",2016-09-17
"893","North Carolina","","Pittsburgh","W (37-36)",2016-09-24
"895","North Carolina","","Virginia Tech","L (3-34)",2016-10-08
"897","North Carolina","@","Virginia","W (35-14)",2016-10-22
"900","North Carolina","","Non-Major","W (41-7)",2016-11-19
"901","North Carolina","","North Carolina State","L (21-28)",2016-11-25
"902","North Carolina","N","Stanford","L (23-25)",2016-12-30
"903","North Carolina State","","Non-Major","W (48-14)",2016-09-01
"905","North Carolina State","","Old Dominion","W (49-22)",2016-09-17
"906","North Carolina State","","Wake Forest","W (33-16)",2016-10-01
"907","North Carolina State","","Notre Dame","W (10-3)",2016-10-08
"912","North Carolina State","@","Syracuse","W (35-20)",2016-11-12
"915","North Carolina State","N","Vanderbilt","W (41-17)",2016-12-26
"916","Northern Illinois","@","Wyoming","L (34-40)",2016-09-03
"917","Northern Illinois","@","South Florida","L (17-48)",2016-09-10
"918","Northern Illinois","","San Diego State","L (28-42)",2016-09-17
"919","Northern Illinois","","Non-Major","L (23-28)",2016-09-24
"921","Northern Illinois","@","Western Michigan","L (30-45)",2016-10-08
"925","Northern Illinois","N","Toledo","L (24-31)",2016-11-09
"928","North Texas","","Southern Methodist","L (21-34)",2016-09-03
"929","North Texas","","Non-Major","W (41-20)",2016-09-10
"931","North Texas","@","Rice","W (42-35)",2016-09-24
"935","North Texas","@","Texas-San Antonio","L (17-31)",2016-10-29
"937","North Texas","@","Western Kentucky","L (7-45)",2016-11-12
"938","North Texas","","Southern Mississippi","W (29-23)",2016-11-19
"939","North Texas","@","Texas-El Paso","L (24-52)",2016-11-26
"941","Northwestern","","Western Michigan","L (21-22)",2016-09-03
"942","Northwestern","","Non-Major","L (7-9)",2016-09-10
"948","Northwestern","@","Ohio State","L (20-24)",2016-10-29
"949","Northwestern","","Wisconsin","L (7-21)",2016-11-05
"950","Northwestern","@","Purdue","W (45-17)",2016-11-12
"953","Northwestern","N","Pittsburgh","W (31-24)",2016-12-28
"954","Notre Dame","@","Texas","L (47-50)",2016-09-04
"958","Notre Dame","N","Syracuse","W (50-33)",2016-10-01
"960","Notre Dame","","Stanford","L (10-17)",2016-10-15
"964","Notre Dame","","Virginia Tech","L (31-34)",2016-11-19
"965","Notre Dame","@","Southern California","L (27-45)",2016-11-26
"966","Ohio","","Texas State","L (54-56)",2016-09-03
"968","Ohio","@","Tennessee","L (19-28)",2016-09-17
"969","Ohio","","Non-Major","W (37-21)",2016-09-24
"974","Ohio","@","Toledo","W (31-26)",2016-10-27
"978","Ohio","N","Western Michigan","L (23-29)",2016-12-02
"979","Ohio","N","Troy","L (23-28)",2016-12-23
"981","Ohio State","","Tulsa","W (48-3)",2016-09-10
"982","Ohio State","@","Oklahoma","W (45-24)",2016-09-17
"983","Ohio State","","Rutgers","W (58-0)",2016-10-01
"985","Ohio State","@","Wisconsin","W (30-23)",2016-10-15
"986","Ohio State","@","Penn State","L (21-24)",2016-10-22
"996","Oklahoma","@","Texas Christian","W (52-46)",2016-10-01
"997","Oklahoma","N","Texas","W (45-40)",2016-10-08
"999","Oklahoma","@","Texas Tech","W (66-59)",2016-10-22
"1003","Oklahoma","@","West Virginia","W (56-28)",2016-11-19
"1004","Oklahoma","","Oklahoma State","W (38-20)",2016-12-03
"1006","Oklahoma State","","Non-Major","W (61-7)",2016-09-03
"1008","Oklahoma State","","Pittsburgh","W (45-38)",2016-09-17
"1010","Oklahoma State","","Texas","W (49-31)",2016-10-01
"1013","Oklahoma State","","West Virginia","W (37-20)",2016-10-29
"1015","Oklahoma State","","Texas Tech","W (45-44)",2016-11-12
"1016","Oklahoma State","@","Texas Christian","W (31-6)",2016-11-19
"1019","Old Dominion","","Non-Major","W (54-21)",2016-09-04
"1022","Old Dominion","","Texas-San Antonio","W (33-19)",2016-09-24
"1025","Old Dominion","@","Western Kentucky","L (24-59)",2016-10-22
"1026","Old Dominion","@","Texas-El Paso","W (31-21)",2016-10-29
"1028","Old Dominion","","Southern Mississippi","W (51-35)",2016-11-12
"1033","Mississippi","","Non-Major","W (38-13)",2016-09-10
"1041","Mississippi","@","Texas A&M","W (29-28)",2016-11-12
"1042","Mississippi","@","Vanderbilt","L (17-38)",2016-11-19
"1044","Oregon","","Non-Major","W (53-28)",2016-09-03
"1045","Oregon","","Virginia","W (44-26)",2016-09-10
"1048","Oregon","@","Washington State","L (33-51)",2016-10-01
"1049","Oregon","","Washington","L (21-70)",2016-10-08
"1052","Oregon","@","Southern California","L (20-45)",2016-11-05
"1053","Oregon","","Stanford","L (27-52)",2016-11-12
"1054","Oregon","@","Utah","W (30-28)",2016-11-19
"1055","Oregon","@","Oregon State","L (24-34)",2016-11-26
"1057","Oregon State","","Non-Major","W (37-7)",2016-09-17
"1061","Oregon State","","Utah","L (14-19)",2016-10-15
"1062","Oregon State","@","Washington","L (17-41)",2016-10-22
"1063","Oregon State","","Washington State","L (31-35)",2016-10-29
"1064","Oregon State","@","Stanford","L (15-26)",2016-11-05
"1065","Oregon State","@","UCLA","L (24-38)",2016-11-12
"1069","Penn State","@","Pittsburgh","L (39-42)",2016-09-10
"1070","Penn State","","Temple","W (34-27)",2016-09-17
"1075","Penn State","@","Purdue","W (62-24)",2016-10-29
"1078","Penn State","@","Rutgers","W (39-0)",2016-11-19
"1080","Penn State","N","Wisconsin","W (38-31)",2016-12-03
"1081","Penn State","N","Southern California","L (49-52)",2017-01-02
"1082","Pittsburgh","","Non-Major","W (28-7)",2016-09-03
"1088","Pittsburgh","@","Virginia","W (45-31)",2016-10-15
"1089","Pittsburgh","","Virginia Tech","L (36-39)",2016-10-27
"1093","Pittsburgh","","Syracuse","W (76-61)",2016-11-26
"1095","Purdue","","Non-Major","W (45-24)",2016-09-03
"1105","Purdue","","Wisconsin","L (20-49)",2016-11-19
"1107","Rice","@","Western Kentucky","L (14-46)",2016-09-01
"1111","Rice","@","Southern Mississippi","L (28-44)",2016-10-01
"1112","Rice","","Texas-San Antonio","L (13-14)",2016-10-15
"1113","Rice","","Non-Major","W (65-44)",2016-10-22
"1117","Rice","","Texas-El Paso","W (44-24)",2016-11-19
"1118","Rice","@","Stanford","L (17-41)",2016-11-26
"1119","Rutgers","@","Washington","L (13-48)",2016-09-03
"1120","Rutgers","","Non-Major","W (52-14)",2016-09-10
"1131","San Diego State","","Non-Major","W (31-0)",2016-09-03
"1134","San Diego State","@","South Alabama","L (24-42)",2016-10-01
"1135","San Diego State","","Nevada-Las Vegas","W (26-7)",2016-10-08
"1137","San Diego State","","San Jose State","W (42-3)",2016-10-21
"1138","San Diego State","@","Utah State","W (40-13)",2016-10-28
"1141","San Diego State","@","Wyoming","L (33-34)",2016-11-19
"1143","San Diego State","@","Wyoming","W (27-24)",2016-12-03
"1145","San Jose State","@","Tulsa","L (10-45)",2016-09-03
"1146","San Jose State","","Non-Major","W (66-35)",2016-09-10
"1147","San Jose State","","Utah","L (17-34)",2016-09-17
"1153","San Jose State","","Nevada-Las Vegas","W (30-24)",2016-10-29
"1159","Southern Methodist","","Non-Major","W (29-14)",2016-09-17
"1160","Southern Methodist","","Texas Christian","L (3-33)",2016-09-23
"1161","Southern Methodist","@","Temple","L (20-45)",2016-10-01
"1162","Southern Methodist","@","Tulsa","L (40-43)",2016-10-07
"1164","Southern Methodist","@","Tulane","W (35-31)",2016-10-29
"1167","Southern Methodist","","South Florida","L (27-35)",2016-11-19
"1172","South Alabama","","Non-Major","W (41-40)",2016-09-24
"1175","South Alabama","","Troy","L (21-28)",2016-10-20
"1178","South Alabama","","Non-Major","W (31-7)",2016-11-19
"1182","South Carolina","@","Vanderbilt","W (13-10)",2016-09-01
"1186","South Carolina","","Texas A&M","L (13-24)",2016-10-01
"1189","South Carolina","","Tennessee","W (24-21)",2016-10-29
"1192","South Carolina","","Non-Major","W (44-31)",2016-11-19
"1194","South Carolina","N","South Florida","L (39-46)",2016-12-29
"1196","Southern Mississippi","","Non-Major","W (56-0)",2016-09-10
"1197","Southern Mississippi","","Troy","L (31-37)",2016-09-17
"1198","Southern Mississippi","@","Texas-El Paso","W (34-7)",2016-09-24
"1200","Southern Mississippi","@","Texas-San Antonio","L (32-55)",2016-10-08
"1208","South Florida","","Non-Major","W (56-20)",2016-09-03
"1210","South Florida","@","Syracuse","W (45-20)",2016-09-17
"1215","South Florida","@","Temple","L (30-46)",2016-10-21
"1219","South Florida","","Central Florida","W (48-31)",2016-11-26
"1222","Stanford","","Southern California","W (27-10)",2016-09-17
"1223","Stanford","@","UCLA","W (22-13)",2016-09-24
"1224","Stanford","@","Washington","L (6-44)",2016-09-30
"1225","Stanford","","Washington State","L (16-42)",2016-10-08
"1234","Syracuse","","Non-Major","W (33-7)",2016-09-02
"1239","Syracuse","@","Wake Forest","L (9-28)",2016-10-08
"1240","Syracuse","","Virginia Tech","W (31-17)",2016-10-15
"1247","Temple","","Non-Major","W (38-0)",2016-09-10
"1252","Temple","@","Central Florida","W (26-25)",2016-10-15
"1256","Temple","@","Tulane","W (31-0)",2016-11-19
"1259","Temple","N","Wake Forest","L (26-34)",2016-12-27
"1261","Tennessee","N","Virginia Tech","W (45-24)",2016-09-10
"1265","Tennessee","@","Texas A&M","L (38-45)",2016-10-08
"1268","Tennessee","","Non-Major","W (55-0)",2016-11-05
"1271","Tennessee","@","Vanderbilt","L (34-45)",2016-11-26
"1273","Texas A&M","","UCLA","W (31-24)",2016-09-03
"1274","Texas A&M","","Non-Major","W (67-0)",2016-09-10
"1283","Texas A&M","","Texas-San Antonio","W (23-10)",2016-11-19
"1286","Texas Christian","","Non-Major","W (59-41)",2016-09-03
"1292","Texas Christian","@","West Virginia","L (10-34)",2016-10-22
"1293","Texas Christian","","Texas Tech","L (24-27)",2016-10-29
"1296","Texas Christian","@","Texas","W (31-9)",2016-11-25
"1300","Texas","","Texas-El Paso","W (41-7)",2016-09-10
"1307","Texas","@","Texas Tech","W (45-37)",2016-11-05
"1308","Texas","","West Virginia","L (20-24)",2016-11-12
"1314","Texas State","","Non-Major","W (48-17)",2016-10-01
"1321","Texas State","","Troy","L (7-40)",2016-11-26
"1323","Texas Tech","","Non-Major","W (69-17)",2016-09-03
"1328","Texas Tech","","West Virginia","L (17-48)",2016-10-15
"1336","Toledo","","Non-Major","W (45-3)",2016-09-10
"1346","Toledo","@","Western Michigan","L (35-55)",2016-11-25
"1348","Troy","","Non-Major","W (57-17)",2016-09-03
"1361","Tulane","@","Wake Forest","L (3-7)",2016-09-01
"1362","Tulane","","Non-Major","W (66-21)",2016-09-10
"1367","Tulane","@","Tulsa","L (27-50)",2016-10-22
"1369","Tulane","@","Central Florida","L (6-37)",2016-11-05
"1375","Tulsa","","Non-Major","W (58-21)",2016-09-17
"1383","Tulsa","@","Central Florida","W (35-20)",2016-11-19
"1386","Central Florida","","Non-Major","W (38-0)",2016-09-03
"1400","UCLA","","Nevada-Las Vegas","W (42-21)",2016-09-10
"1405","UCLA","@","Washington State","L (21-27)",2016-10-15
"1406","UCLA","","Utah","L (45-52)",2016-10-22
"1409","UCLA","","Southern California","L (14-36)",2016-11-19
"1411","Nevada-Las Vegas","","Non-Major","W (63-13)",2016-09-01
"1420","Nevada-Las Vegas","","Wyoming","W (69-66)",2016-11-12
"1424","Southern California","","Utah State","W (45-7)",2016-09-10
"1426","Southern California","@","Utah","L (27-31)",2016-09-23
"1432","Southern California","@","Washington","W (26-13)",2016-11-12
"1436","Utah","","Non-Major","W (24-0)",2016-09-01
"1444","Utah","","Washington","L (24-31)",2016-10-29
"1449","Utah State","","Non-Major","W (45-6)",2016-09-01
"1457","Utah State","@","Wyoming","L (28-52)",2016-11-05
"1467","Texas-El Paso","@","Texas-San Antonio","W (52-49)",2016-10-22
"1469","Texas-El Paso","","Non-Major","W (42-10)",2016-11-05
"1473","Texas-San Antonio","","Non-Major","W (26-13)",2016-09-03
"1489","Vanderbilt","@","Western Kentucky","W (31-30)",2016-09-24
"1493","Vanderbilt","","Non-Major","W (35-17)",2016-10-22
"1499","Virginia","","Non-Major","L (20-37)",2016-09-03
"1507","Virginia","@","Wake Forest","L (20-27)",2016-11-05
"1510","Virginia","@","Virginia Tech","L (10-52)",2016-11-26
"1511","Virginia Tech","","Non-Major","W (36-13)",2016-09-03
"1527","Wake Forest","","Non-Major","W (38-21)",2016-09-17
"1540","Washington","","Non-Major","W (41-3)",2016-09-17
"1549","Washington","@","Washington State","W (45-17)",2016-11-25
"1552","Washington State","","Non-Major","L (42-45)",2016-09-03
"1569","Western Kentucky","","Non-Major","W (50-3)",2016-10-01
"1580","Western Michigan","","Non-Major","W (70-21)",2016-09-10
"1592","Western Michigan","N","Wisconsin","L (16-24)",2017-01-02
"1594","West Virginia","","Non-Major","W (38-21)",2016-09-10
"1622","Wyoming","","Non-Major","W (45-22)",2016-09-17
