"","Rk","Wk","Date","Day","Winner","Pts","","Loser","Pts.1"
"1","1","1","Sep 1, 2005","Thu","Arizona State","63","","Temple","16"
"2","2","1","Sep 1, 2005","Thu","Cincinnati","28","","Eastern Michigan","26"
"3","3","1","Sep 1, 2005","Thu","Connecticut","38","","Buffalo","0"
"4","4","1","Sep 1, 2005","Thu","Marshall","36","","Non-Major","24"
"5","5","1","Sep 1, 2005","Thu","Minnesota","41","@","Tulsa","10"
"6","6","1","Sep 1, 2005","Thu","Non-Major","27","@","Louisiana-Monroe","23"
"7","7","1","Sep 1, 2005","Thu","Oregon","38","@","Houston","24"
"8","8","1","Sep 1, 2005","Thu","South Carolina","24","","Central Florida","15"
"9","9","1","Sep 1, 2005","Thu","Toledo","62","","Non-Major","14"
"10","10","1","Sep 1, 2005","Thu","Vanderbilt","24","@","Wake Forest","20"
"11","11","1","Sep 1, 2005","Thu","Washington State","38","","Idaho","26"
"12","12","1","Sep 2, 2005","Fri","Indiana","20","@","Central Michigan","13"
"13","13","1","Sep 2, 2005","Fri","Utah","27","","Arizona","24"
"14","14","1","Sep 3, 2005","Sat","Air Force","20","@","Washington","17"
"15","15","1","Sep 3, 2005","Sat","Alabama","26","","Middle Tennessee State","7"
"16","16","1","Sep 3, 2005","Sat","Arkansas","49","","Non-Major","17"
"17","17","1","Sep 3, 2005","Sat","Baylor","28","@","Southern Methodist","23"
"18","18","1","Sep 3, 2005","Sat","Boston College","20","@","Brigham Young","3"
"19","19","1","Sep 3, 2005","Sat","California","41","","Non-Major","3"
"20","20","1","Sep 3, 2005","Sat","Clemson","25","","Texas A&M","24"
"21","21","1","Sep 3, 2005","Sat","Colorado","31","","Colorado State","28"
"22","22","1","Sep 3, 2005","Sat","East Carolina","24","","Duke","21"
"23","23","1","Sep 3, 2005","Sat","Florida","32","","Wyoming","14"
"24","24","1","Sep 3, 2005","Sat","Georgia","48","","Boise State","13"
"25","25","1","Sep 3, 2005","Sat","Georgia Tech","23","@","Auburn","14"
"26","26","1","Sep 3, 2005","Sat","Illinois","33","","Rutgers","30"
"27","27","1","Sep 3, 2005","Sat","Iowa","56","","Ball State","0"
"28","28","1","Sep 3, 2005","Sat","Iowa State","32","","Non-Major","21"
"29","29","1","Sep 3, 2005","Sat","Kansas","30","","Florida Atlantic","19"
"30","30","1","Sep 3, 2005","Sat","Kansas State","35","","Florida International","21"
"31","31","1","Sep 3, 2005","Sat","Maryland","23","","Navy","20"
"32","32","1","Sep 3, 2005","Sat","Michigan","33","","Northern Illinois","17"
"33","33","1","Sep 3, 2005","Sat","Michigan State","49","","Kent State","14"
"34","34","1","Sep 3, 2005","Sat","Mississippi State","38","","Non-Major","6"
"35","35","1","Sep 3, 2005","Sat","Missouri","44","","Arkansas State","17"
"36","36","1","Sep 3, 2005","Sat","Nebraska","25","","Non-Major","7"
"37","37","1","Sep 3, 2005","Sat","Northwestern","38","","Ohio","14"
"38","38","1","Sep 3, 2005","Sat","Notre Dame","42","@","Pittsburgh","21"
"39","39","1","Sep 3, 2005","Sat","Ohio State","34","","Miami (OH)","14"
"40","40","1","Sep 3, 2005","Sat","Oklahoma State","15","","Non-Major","10"
"41","41","1","Sep 3, 2005","Sat","Oregon State","41","","Non-Major","14"
"42","42","1","Sep 3, 2005","Sat","Penn State","23","","South Florida","13"
"43","43","1","Sep 3, 2005","Sat","San Jose State","35","","Non-Major","24"
"44","44","1","Sep 3, 2005","Sat","Southern California","63","@","Hawaii","17"
"45","45","1","Sep 3, 2005","Sat","Tennessee","17","","Alabama-Birmingham","10"
"46","46","1","Sep 3, 2005","Sat","Texas","60","","Louisiana","3"
"47","47","1","Sep 3, 2005","Sat","Texas Christian","17","@","Oklahoma","10"
"48","48","1","Sep 3, 2005","Sat","Texas-El Paso","34","@","New Mexico State","17"
"49","49","1","Sep 3, 2005","Sat","Troy","27","","Non-Major","10"
"50","50","1","Sep 3, 2005","Sat","UCLA","44","@","San Diego State","21"
"51","51","1","Sep 3, 2005","Sat","Virginia","31","","Western Michigan","19"
"52","52","1","Sep 3, 2005","Sat","Wisconsin","56","","Bowling Green State","42"
"53","53","1","Sep 4, 2005","Sun","Louisville","31","@","Kentucky","24"
"54","54","1","Sep 4, 2005","Sun","Virginia Tech","20","@","North Carolina State","16"
"55","55","1","Sep 4, 2005","Sun","West Virginia","15","@","Syracuse","7"
"56","56","1","Sep 5, 2005","Mon","Florida State","10","","Miami (FL)","7"
"57","57","1","Sep 5, 2005","Mon","Mississippi","10","@","Memphis","6"
"58","58","1","Sep 5, 2005","Mon","New Mexico","24","","Nevada-Las Vegas","22"
"60","59","2","Sep 8, 2005","Thu","Oklahoma State","23","@","Florida Atlantic","3"
"61","60","2","Sep 9, 2005","Fri","Ohio","16","","Pittsburgh","10"
"62","61","2","Sep 9, 2005","Fri","Washington State","55","@","Nevada","21"
"63","62","2","Sep 10, 2005","Sat","Air Force","41","","San Diego State","29"
"64","63","2","Sep 10, 2005","Sat","Alabama","30","","Southern Mississippi","21"
"65","64","2","Sep 10, 2005","Sat","Alabama-Birmingham","27","@","Troy","7"
"66","65","2","Sep 10, 2005","Sat","Arizona","31","","Non-Major","12"
"67","66","2","Sep 10, 2005","Sat","Arkansas State","56","","Non-Major","7"
"68","67","2","Sep 10, 2005","Sat","Auburn","28","","Mississippi State","0"
"69","68","2","Sep 10, 2005","Sat","Baylor","48","","Non-Major","14"
"70","69","2","Sep 10, 2005","Sat","Boston College","44","","Army","7"
"71","70","2","Sep 10, 2005","Sat","Bowling Green State","40","@","Ball State","31"
"72","71","2","Sep 10, 2005","Sat","Brigham Young","45","","Non-Major","10"
"73","72","2","Sep 10, 2005","Sat","California","56","@","Washington","17"
"74","73","2","Sep 10, 2005","Sat","Central Michigan","38","@","Miami (OH)","37"
"75","74","2","Sep 10, 2005","Sat","Clemson","28","@","Maryland","24"
"76","75","2","Sep 10, 2005","Sat","Colorado","39","","New Mexico State","0"
"77","76","2","Sep 10, 2005","Sat","Connecticut","59","","Non-Major","0"
"78","77","2","Sep 10, 2005","Sat","Eastern Michigan","31","","Louisiana","10"
"79","78","2","Sep 10, 2005","Sat","Florida","41","","Louisiana Tech","3"
"80","79","2","Sep 10, 2005","Sat","Florida State","62","","Non-Major","10"
"81","80","2","Sep 10, 2005","Sat","Fresno State","55","","Non-Major","17"
"82","81","2","Sep 10, 2005","Sat","Georgia","17","","South Carolina","15"
"83","82","2","Sep 10, 2005","Sat","Georgia Tech","27","","North Carolina","21"
"84","83","2","Sep 10, 2005","Sat","Houston","31","","Non-Major","10"
"85","84","2","Sep 10, 2005","Sat","Illinois","40","","San Jose State","19"
"86","85","2","Sep 10, 2005","Sat","Indiana","35","","Non-Major","31"
"87","86","2","Sep 10, 2005","Sat","Iowa State","23","","Iowa","3"
"88","87","2","Sep 10, 2005","Sat","Kansas","36","","Non-Major","8"
"89","88","2","Sep 10, 2005","Sat","Kansas State","21","@","Marshall","19"
"90","89","2","Sep 10, 2005","Sat","Kent State","33","","Non-Major","12"
"91","90","2","Sep 10, 2005","Sat","Kentucky","41","","Non-Major","29"
"92","91","2","Sep 10, 2005","Sat","Louisiana State","35","@","Arizona State","31"
"93","92","2","Sep 10, 2005","Sat","Michigan State","42","","Hawaii","14"
"94","93","2","Sep 10, 2005","Sat","Minnesota","56","","Colorado State","24"
"95","94","2","Sep 10, 2005","Sat","Nebraska","31","","Wake Forest","3"
"96","95","2","Sep 10, 2005","Sat","Nevada-Las Vegas","34","","Idaho","31"
"97","96","2","Sep 10, 2005","Sat","New Mexico","45","@","Missouri","35"
"98","97","2","Sep 10, 2005","Sat","North Texas","14","@","Middle Tennessee State","7"
"99","98","2","Sep 10, 2005","Sat","Northwestern","38","","Northern Illinois","37"
"100","99","2","Sep 10, 2005","Sat","Notre Dame","17","@","Michigan","10"
"101","100","2","Sep 10, 2005","Sat","Oklahoma","31","","Tulsa","15"
"102","101","2","Sep 10, 2005","Sat","Oregon","47","","Non-Major","14"
"103","102","2","Sep 10, 2005","Sat","Oregon State","30","","Boise State","27"
"104","103","2","Sep 10, 2005","Sat","Penn State","42","","Cincinnati","24"
"105","104","2","Sep 10, 2005","Sat","Purdue","49","","Akron","24"
"106","105","2","Sep 10, 2005","Sat","Rutgers","38","","Non-Major","6"
"107","106","2","Sep 10, 2005","Sat","South Florida","37","","Non-Major","3"
"108","107","2","Sep 10, 2005","Sat","Southern Methodist","21","","Texas Christian","10"
"109","108","2","Sep 10, 2005","Sat","Stanford","41","@","Navy","38"
"110","109","2","Sep 10, 2005","Sat","Syracuse","31","","Buffalo","0"
"111","110","2","Sep 10, 2005","Sat","Texas","25","@","Ohio State","22"
"112","111","2","Sep 10, 2005","Sat","Texas Tech","56","","Florida International","3"
"113","112","2","Sep 10, 2005","Sat","Toledo","56","","Western Michigan","23"
"114","113","2","Sep 10, 2005","Sat","UCLA","63","","Rice","21"
"115","114","2","Sep 10, 2005","Sat","Utah","31","","Utah State","7"
"116","115","2","Sep 10, 2005","Sat","Vanderbilt","28","@","Arkansas","24"
"117","116","2","Sep 10, 2005","Sat","Virginia Tech","45","@","Duke","0"
"118","117","2","Sep 10, 2005","Sat","West Virginia","35","","Non-Major","7"
"119","118","2","Sep 10, 2005","Sat","Wisconsin","65","","Temple","0"
"120","119","2","Sep 10, 2005","Sat","Wyoming","38","","Louisiana-Monroe","0"
"122","120","3","Sep 15, 2005","Thu","Texas Christian","23","","Utah","20"
"123","121","3","Sep 16, 2005","Fri","Texas-El Paso","44","","Houston","41"
"124","122","3","Sep 17, 2005","Sat","Akron","17","@","Middle Tennessee State","7"
"125","123","3","Sep 17, 2005","Sat","Alabama","37","@","South Carolina","14"
"126","124","3","Sep 17, 2005","Sat","Alabama-Birmingham","35","","Non-Major","28"
"127","125","3","Sep 17, 2005","Sat","Arizona State","52","","Northwestern","21"
"128","126","3","Sep 17, 2005","Sat","Auburn","63","","Ball State","3"
"129","127","3","Sep 17, 2005","Sat","Baylor","20","@","Army","10"
"130","128","3","Sep 17, 2005","Sat","California","35","","Illinois","20"
"131","129","3","Sep 17, 2005","Sat","Non-Major","20","@","Stanford","17"
"132","130","3","Sep 17, 2005","Sat","Cincinnati","7","","Non-Major","3"
"133","131","3","Sep 17, 2005","Sat","Duke","40","","Non-Major","14"
"134","132","3","Sep 17, 2005","Sat","Florida","16","","Tennessee","7"
"135","133","3","Sep 17, 2005","Sat","Florida State","28","@","Boston College","17"
"136","134","3","Sep 17, 2005","Sat","Georgia","44","","Louisiana-Monroe","7"
"137","135","3","Sep 17, 2005","Sat","Georgia Tech","28","","Connecticut","13"
"138","136","3","Sep 17, 2005","Sat","Indiana","38","","Kentucky","14"
"139","137","3","Sep 17, 2005","Sat","Iowa","45","","Non-Major","21"
"140","138","3","Sep 17, 2005","Sat","Kansas","34","","Louisiana Tech","14"
"141","139","3","Sep 17, 2005","Sat","Louisiana","49","","Non-Major","28"
"142","140","3","Sep 17, 2005","Sat","Louisville","63","","Oregon State","27"
"143","141","3","Sep 17, 2005","Sat","Memphis","59","","Non-Major","14"
"144","142","3","Sep 17, 2005","Sat","Miami (FL)","36","@","Clemson","30"
"145","143","3","Sep 17, 2005","Sat","Miami (OH)","27","@","Kent State","10"
"146","144","3","Sep 17, 2005","Sat","Michigan","55","","Eastern Michigan","0"
"147","145","3","Sep 17, 2005","Sat","Michigan State","44","@","Notre Dame","41"
"148","146","3","Sep 17, 2005","Sat","Minnesota","46","","Florida Atlantic","7"
"149","147","3","Sep 17, 2005","Sat","Mississippi State","21","","Tulane","14"
"150","148","3","Sep 17, 2005","Sat","Missouri","52","","Troy","21"
"151","149","3","Sep 17, 2005","Sat","Nebraska","7","","Pittsburgh","6"
"152","150","3","Sep 17, 2005","Sat","Nevada","22","","Nevada-Las Vegas","14"
"153","151","3","Sep 17, 2005","Sat","New Mexico","38","","New Mexico State","21"
"154","152","3","Sep 17, 2005","Sat","North Carolina State","54","","Non-Major","10"
"155","153","3","Sep 17, 2005","Sat","Northern Illinois","42","","Non-Major","3"
"156","154","3","Sep 17, 2005","Sat","Ohio State","27","","San Diego State","6"
"157","155","3","Sep 17, 2005","Sat","Oklahoma State","20","","Arkansas State","10"
"158","156","3","Sep 17, 2005","Sat","Oregon","37","","Fresno State","34"
"159","157","3","Sep 17, 2005","Sat","Penn State","40","","Central Michigan","3"
"160","158","3","Sep 17, 2005","Sat","Purdue","31","@","Arizona","24"
"161","159","3","Sep 17, 2005","Sat","Rutgers","17","@","Buffalo","3"
"162","160","3","Sep 17, 2005","Sat","South Florida","31","","Central Florida","14"
"163","161","3","Sep 17, 2005","Sat","Southern California","70","","Arkansas","17"
"164","162","3","Sep 17, 2005","Sat","Southern Mississippi","48","","Non-Major","20"
"165","163","3","Sep 17, 2005","Sat","Texas","51","","Rice","10"
"166","164","3","Sep 17, 2005","Sat","Texas A&M","66","","Southern Methodist","8"
"167","165","3","Sep 17, 2005","Sat","Texas Tech","80","","Non-Major","21"
"168","166","3","Sep 17, 2005","Sat","Toledo","42","@","Temple","17"
"169","167","3","Sep 17, 2005","Sat","Tulsa","54","@","North Texas","2"
"170","168","3","Sep 17, 2005","Sat","UCLA","41","","Oklahoma","24"
"171","169","3","Sep 17, 2005","Sat","Vanderbilt","31","","Mississippi","23"
"172","170","3","Sep 17, 2005","Sat","Virginia","27","@","Syracuse","24"
"173","171","3","Sep 17, 2005","Sat","Virginia Tech","45","","Ohio","0"
"174","172","3","Sep 17, 2005","Sat","Wake Forest","44","","East Carolina","34"
"175","173","3","Sep 17, 2005","Sat","Washington","34","","Idaho","6"
"176","174","3","Sep 17, 2005","Sat","Washington State","48","","Non-Major","7"
"177","175","3","Sep 17, 2005","Sat","West Virginia","31","@","Maryland","19"
"178","176","3","Sep 17, 2005","Sat","Western Michigan","34","","Non-Major","28"
"179","177","3","Sep 17, 2005","Sat","Wisconsin","14","@","North Carolina","5"
"180","178","3","Sep 17, 2005","Sat","Wyoming","29","@","Air Force","28"
"182","179","4","Sep 21, 2005","Wed","Boise State","48","","Bowling Green State","20"
"183","180","4","Sep 22, 2005","Thu","Louisiana-Monroe","28","@","Florida Atlantic","21"
"184","181","4","Sep 22, 2005","Thu","Texas A&M","44","","Non-Major","31"
"185","182","4","Sep 22, 2005","Thu","Utah","38","","Air Force","35"
"186","183","4","Sep 23, 2005","Fri","California","41","@","New Mexico State","13"
"187","184","4","Sep 23, 2005","Fri","Iowa State","28","@","Army","21"
"188","185","4","Sep 24, 2005","Sat","Akron","48","","Northern Illinois","42"
"189","186","4","Sep 24, 2005","Sat","Alabama","24","","Arkansas","13"
"190","187","4","Sep 24, 2005","Sat","Arizona State","42","@","Oregon State","24"
"191","188","4","Sep 24, 2005","Sat","Arkansas State","66","","Florida International","24"
"192","189","4","Sep 24, 2005","Sat","Auburn","37","","Non-Major","14"
"193","190","4","Sep 24, 2005","Sat","Boston College","16","@","Clemson","13"
"194","191","4","Sep 24, 2005","Sat","Central Florida","23","","Marshall","13"
"195","192","4","Sep 24, 2005","Sat","Colorado State","42","","Nevada","21"
"196","193","4","Sep 24, 2005","Sat","Eastern Michigan","23","@","Central Michigan","20"
"197","194","4","Sep 24, 2005","Sat","Florida","49","@","Kentucky","28"
"198","195","4","Sep 24, 2005","Sat","Georgia","23","@","Mississippi State","10"
"199","196","4","Sep 24, 2005","Sat","Hawaii","24","@","Idaho","0"
"200","197","4","Sep 24, 2005","Sat","Kansas State","54","","North Texas","7"
"201","198","4","Sep 24, 2005","Sat","Maryland","22","@","Wake Forest","12"
"202","199","4","Sep 24, 2005","Sat","Miami (FL)","23","","Colorado","3"
"203","200","4","Sep 24, 2005","Sat","Michigan State","61","@","Illinois","14"
"204","201","4","Sep 24, 2005","Sat","Minnesota","42","","Purdue","35"
"205","202","4","Sep 24, 2005","Sat","North Carolina","31","@","North Carolina State","24"
"206","203","4","Sep 24, 2005","Sat","Notre Dame","36","@","Washington","17"
"207","204","4","Sep 24, 2005","Sat","Ohio","35","","Kent State","32"
"208","205","4","Sep 24, 2005","Sat","Ohio State","31","","Iowa","6"
"209","206","4","Sep 24, 2005","Sat","Penn State","34","@","Northwestern","29"
"210","207","4","Sep 24, 2005","Sat","Pittsburgh","41","","Non-Major","0"
"211","208","4","Sep 24, 2005","Sat","San Diego State","52","","San Jose State","21"
"212","209","4","Sep 24, 2005","Sat","South Carolina","45","","Troy","20"
"213","210","4","Sep 24, 2005","Sat","South Florida","45","","Louisville","14"
"214","211","4","Sep 24, 2005","Sat","Southern California","45","@","Oregon","13"
"215","212","4","Sep 24, 2005","Sat","Texas Christian","51","@","Brigham Young","50"
"216","213","4","Sep 24, 2005","Sat","Texas Tech","63","","Non-Major","7"
"217","214","4","Sep 24, 2005","Sat","Texas-El Paso","21","","New Mexico","13"
"218","215","4","Sep 24, 2005","Sat","Tulane","31","@","Southern Methodist","10"
"219","216","4","Sep 24, 2005","Sat","Tulsa","37","","Memphis","31"
"220","217","4","Sep 24, 2005","Sat","Utah State","31","","Nevada-Las Vegas","24"
"221","218","4","Sep 24, 2005","Sat","Vanderbilt","37","","Non-Major","13"
"222","219","4","Sep 24, 2005","Sat","Virginia","38","","Duke","7"
"223","220","4","Sep 24, 2005","Sat","Virginia Tech","51","","Georgia Tech","7"
"224","221","4","Sep 24, 2005","Sat","West Virginia","20","","East Carolina","15"
"225","222","4","Sep 24, 2005","Sat","Western Michigan","19","@","Temple","16"
"226","223","4","Sep 24, 2005","Sat","Wisconsin","23","","Michigan","20"
"227","224","4","Sep 24, 2005","Sat","Wyoming","24","@","Mississippi","14"
"228","225","4","Sep 26, 2005","Mon","Tennessee","30","@","Louisiana State","27"
"230","226","5","Sep 27, 2005","Tue","Fresno State","44","","Toledo","14"
"231","227","5","Sep 28, 2005","Wed","Miami (OH)","44","","Cincinnati","16"
"232","228","5","Sep 29, 2005","Thu","Colorado State","41","","Air Force","23"
"233","229","5","Sep 30, 2005","Fri","Rutgers","37","","Pittsburgh","29"
"234","230","5","Oct 1, 2005","Sat","Alabama","31","","Florida","3"
"235","231","5","Oct 1, 2005","Sat","Alabama-Birmingham","45","","Rice","26"
"236","232","5","Oct 1, 2005","Sat","Auburn","48","","South Carolina","7"
"237","233","5","Oct 1, 2005","Sat","Boise State","44","@","Hawaii","41"
"238","234","5","Oct 1, 2005","Sat","Boston College","38","","Ball State","0"
"239","235","5","Oct 1, 2005","Sat","Bowling Green State","70","","Temple","7"
"240","236","5","Oct 1, 2005","Sat","California","28","","Arizona","0"
"241","237","5","Oct 1, 2005","Sat","Central Florida","24","@","Louisiana","21"
"242","238","5","Oct 1, 2005","Sat","Central Michigan","31","@","Akron","17"
"243","239","5","Oct 1, 2005","Sat","Colorado","34","@","Oklahoma State","0"
"244","240","5","Oct 1, 2005","Sat","Connecticut","47","@","Army","13"
"245","241","5","Oct 1, 2005","Sat","Eastern Michigan","27","","Kent State","20"
"246","242","5","Oct 1, 2005","Sat","Florida International","23","","Non-Major","6"
"247","243","5","Oct 1, 2005","Sat","Florida State","38","","Syracuse","14"
"248","244","5","Oct 1, 2005","Sat","Houston","30","@","Tulsa","23"
"249","245","5","Oct 1, 2005","Sat","Idaho","27","","Utah State","13"
"250","246","5","Oct 1, 2005","Sat","Iowa","35","","Illinois","7"
"251","247","5","Oct 1, 2005","Sat","Louisiana State","37","@","Mississippi State","7"
"252","248","5","Oct 1, 2005","Sat","Louisiana Tech","34","","New Mexico State","14"
"253","249","5","Oct 1, 2005","Sat","Louisiana-Monroe","31","","Arkansas State","27"
"254","250","5","Oct 1, 2005","Sat","Louisville","61","","Florida Atlantic","10"
"255","251","5","Oct 1, 2005","Sat","Marshall","16","","Southern Methodist","13"
"256","252","5","Oct 1, 2005","Sat","Maryland","45","","Virginia","33"
"257","253","5","Oct 1, 2005","Sat","Memphis","27","","Texas-El Paso","20"
"258","254","5","Oct 1, 2005","Sat","Miami (FL)","27","","South Florida","7"
"259","255","5","Oct 1, 2005","Sat","Michigan","34","@","Michigan State","31"
"260","256","5","Oct 1, 2005","Sat","Middle Tennessee State","17","@","Vanderbilt","15"
"261","257","5","Oct 1, 2005","Sat","Navy","28","@","Duke","21"
"262","258","5","Oct 1, 2005","Sat","Nebraska","27","","Iowa State","20"
"263","259","5","Oct 1, 2005","Sat","Nevada","30","@","San Jose State","23"
"264","260","5","Oct 1, 2005","Sat","North Carolina","31","","Utah","17"
"265","261","5","Oct 1, 2005","Sat","Notre Dame","49","@","Purdue","28"
"266","262","5","Oct 1, 2005","Sat","Oklahoma","43","","Kansas State","21"
"267","263","5","Oct 1, 2005","Sat","Oregon","44","@","Stanford","20"
"268","264","5","Oct 1, 2005","Sat","Oregon State","44","","Washington State","33"
"269","265","5","Oct 1, 2005","Sat","Penn State","44","","Minnesota","14"
"270","266","5","Oct 1, 2005","Sat","San Diego State","31","","Brigham Young","10"
"271","267","5","Oct 1, 2005","Sat","Southern California","38","@","Arizona State","28"
"272","268","5","Oct 1, 2005","Sat","Southern Mississippi","33","@","East Carolina","7"
"273","269","5","Oct 1, 2005","Sat","Tennessee","27","","Mississippi","10"
"274","270","5","Oct 1, 2005","Sat","Texas","51","@","Missouri","20"
"275","271","5","Oct 1, 2005","Sat","Texas A&M","16","","Baylor","13"
"276","272","5","Oct 1, 2005","Sat","Texas Christian","49","","New Mexico","28"
"277","273","5","Oct 1, 2005","Sat","Texas Tech","30","","Kansas","17"
"278","274","5","Oct 1, 2005","Sat","Tulane","28","","Non-Major","21"
"279","275","5","Oct 1, 2005","Sat","UCLA","21","","Washington","17"
"280","276","5","Oct 1, 2005","Sat","Virginia Tech","34","@","West Virginia","17"
"281","277","5","Oct 1, 2005","Sat","Wake Forest","31","","Clemson","27"
"282","278","5","Oct 1, 2005","Sat","Western Michigan","31","","Buffalo","21"
"283","279","5","Oct 1, 2005","Sat","Wisconsin","41","","Indiana","24"
"284","280","5","Oct 1, 2005","Sat","Wyoming","42","","Nevada-Las Vegas","17"
"286","281","6","Oct 4, 2005","Tue","Troy","13","@","North Texas","10"
"287","282","6","Oct 5, 2005","Wed","Northern Illinois","38","","Miami (OH)","27"
"288","283","6","Oct 6, 2005","Thu","Florida Atlantic","28","@","Louisiana","10"
"289","284","6","Oct 6, 2005","Thu","North Carolina State","17","@","Georgia Tech","14"
"290","285","6","Oct 7, 2005","Fri","Connecticut","26","","Syracuse","7"
"291","286","6","Oct 8, 2005","Sat","Akron","13","@","Buffalo","7"
"292","287","6","Oct 8, 2005","Sat","Arkansas","44","","Louisiana-Monroe","15"
"293","288","6","Oct 8, 2005","Sat","Ball State","60","@","Western Michigan","57"
"294","289","6","Oct 8, 2005","Sat","Baylor","23","@","Iowa State","13"
"295","290","6","Oct 8, 2005","Sat","Boise State","21","","Non-Major","14"
"296","291","6","Oct 8, 2005","Sat","Boston College","28","","Virginia","17"
"297","292","6","Oct 8, 2005","Sat","Bowling Green State","38","","Ohio","14"
"298","293","6","Oct 8, 2005","Sat","Brigham Young","27","@","New Mexico","24"
"299","294","6","Oct 8, 2005","Sat","Central Florida","38","","Memphis","17"
"300","295","6","Oct 8, 2005","Sat","Central Michigan","14","@","Army","10"
"301","296","6","Oct 8, 2005","Sat","Colorado","41","","Texas A&M","20"
"302","297","6","Oct 8, 2005","Sat","Colorado State","21","","Utah","17"
"303","298","6","Oct 8, 2005","Sat","East Carolina","41","","Rice","28"
"304","299","6","Oct 8, 2005","Sat","Florida","35","","Mississippi State","9"
"305","300","6","Oct 8, 2005","Sat","Florida State","41","","Wake Forest","24"
"306","301","6","Oct 8, 2005","Sat","Fresno State","37","@","New Mexico State","7"
"307","302","6","Oct 8, 2005","Sat","Georgia","27","@","Tennessee","14"
"308","303","6","Oct 8, 2005","Sat","Houston","35","","Tulane","14"
"309","304","6","Oct 8, 2005","Sat","Indiana","36","","Illinois","13"
"310","305","6","Oct 8, 2005","Sat","Iowa","34","@","Purdue","17"
"311","306","6","Oct 8, 2005","Sat","Kansas State","12","","Kansas","3"
"312","307","6","Oct 8, 2005","Sat","Louisiana State","34","@","Vanderbilt","6"
"313","308","6","Oct 8, 2005","Sat","Louisiana Tech","46","","Hawaii","14"
"314","309","6","Oct 8, 2005","Sat","Louisville","69","","North Carolina","14"
"315","310","6","Oct 8, 2005","Sat","Maryland","38","@","Temple","7"
"316","311","6","Oct 8, 2005","Sat","Miami (FL)","52","","Duke","7"
"317","312","6","Oct 8, 2005","Sat","Minnesota","23","@","Michigan","20"
"318","313","6","Oct 8, 2005","Sat","Mississippi","27","","Non-Major","7"
"319","314","6","Oct 8, 2005","Sat","Missouri","38","@","Oklahoma State","31"
"320","315","6","Oct 8, 2005","Sat","Navy","27","","Air Force","24"
"321","316","6","Oct 8, 2005","Sat","Nevada","62","","Idaho","14"
"322","317","6","Oct 8, 2005","Sat","Nevada-Las Vegas","13","","San Diego State","10"
"323","318","6","Oct 8, 2005","Sat","Northwestern","51","","Wisconsin","48"
"324","319","6","Oct 8, 2005","Sat","Oregon","31","@","Arizona State","17"
"325","320","6","Oct 8, 2005","Sat","Penn State","17","","Ohio State","10"
"326","321","6","Oct 8, 2005","Sat","Pittsburgh","38","","Cincinnati","20"
"327","322","6","Oct 8, 2005","Sat","South Carolina","44","","Kentucky","16"
"328","323","6","Oct 8, 2005","Sat","Southern California","42","","Arizona","21"
"329","324","6","Oct 8, 2005","Sat","Southern Methodist","28","@","Alabama-Birmingham","27"
"330","325","6","Oct 8, 2005","Sat","Stanford","24","@","Washington State","21"
"331","326","6","Oct 8, 2005","Sat","Texas","45","","Oklahoma","12"
"332","327","6","Oct 8, 2005","Sat","Texas Christian","28","@","Wyoming","14"
"333","328","6","Oct 8, 2005","Sat","Texas Tech","34","@","Nebraska","31"
"334","329","6","Oct 8, 2005","Sat","Toledo","30","","Eastern Michigan","3"
"335","330","6","Oct 8, 2005","Sat","Tulsa","34","@","Southern Mississippi","17"
"336","331","6","Oct 8, 2005","Sat","UCLA","47","","California","40"
"337","332","6","Oct 8, 2005","Sat","Utah State","24","","San Jose State","17"
"338","333","6","Oct 8, 2005","Sat","Virginia Tech","41","","Marshall","14"
"339","334","6","Oct 8, 2005","Sat","West Virginia","27","@","Rutgers","14"
"341","335","7","Oct 13, 2005","Thu","Arkansas State","39","","Louisiana","36"
"342","336","7","Oct 13, 2005","Thu","Clemson","31","@","North Carolina State","10"
"343","337","7","Oct 14, 2005","Fri","Texas-El Paso","45","@","Tulane","21"
"344","338","7","Oct 15, 2005","Sat","Air Force","42","","Nevada-Las Vegas","7"
"345","339","7","Oct 15, 2005","Sat","Alabama","13","@","Mississippi","10"
"346","340","7","Oct 15, 2005","Sat","Auburn","34","@","Arkansas","17"
"347","341","7","Oct 15, 2005","Sat","Boise State","38","","San Jose State","21"
"348","342","7","Oct 15, 2005","Sat","Boston College","35","","Wake Forest","30"
"349","343","7","Oct 15, 2005","Sat","Bowling Green State","27","@","Buffalo","7"
"350","344","7","Oct 15, 2005","Sat","Brigham Young","24","","Colorado State","14"
"351","345","7","Oct 15, 2005","Sat","Central Michigan","37","","Ohio","10"
"352","346","7","Oct 15, 2005","Sat","Cincinnati","28","","Connecticut","17"
"353","347","7","Oct 15, 2005","Sat","East Carolina","24","@","Southern Methodist","17"
"354","348","7","Oct 15, 2005","Sat","Fresno State","53","","Utah State","21"
"355","349","7","Oct 15, 2005","Sat","Georgia","34","@","Vanderbilt","17"
"356","350","7","Oct 15, 2005","Sat","Georgia Tech","35","@","Duke","10"
"357","351","7","Oct 15, 2005","Sat","Hawaii","49","","New Mexico State","28"
"358","352","7","Oct 15, 2005","Sat","Iowa","38","","Indiana","21"
"359","353","7","Oct 15, 2005","Sat","Louisiana State","21","","Florida","17"
"360","354","7","Oct 15, 2005","Sat","Louisiana-Monroe","27","","Troy","3"
"361","355","7","Oct 15, 2005","Sat","Marshall","20","","Alabama-Birmingham","19"
"362","356","7","Oct 15, 2005","Sat","Memphis","35","@","Houston","20"
"363","357","7","Oct 15, 2005","Sat","Miami (FL)","34","@","Temple","3"
"364","358","7","Oct 15, 2005","Sat","Miami (OH)","51","","Akron","23"
"365","359","7","Oct 15, 2005","Sat","Michigan","27","","Penn State","25"
"366","360","7","Oct 15, 2005","Sat","Middle Tennessee State","35","@","Florida Atlantic","14"
"367","361","7","Oct 15, 2005","Sat","Missouri","27","","Iowa State","24"
"368","362","7","Oct 15, 2005","Sat","Navy","34","","Kent State","31"
"369","363","7","Oct 15, 2005","Sat","Nebraska","23","@","Baylor","14"
"370","364","7","Oct 15, 2005","Sat","Nevada","37","","Louisiana Tech","27"
"371","365","7","Oct 15, 2005","Sat","New Mexico","27","@","Wyoming","24"
"372","366","7","Oct 15, 2005","Sat","North Texas","13","@","Florida International","10"
"373","367","7","Oct 15, 2005","Sat","Northern Illinois","24","","Eastern Michigan","8"
"374","368","7","Oct 15, 2005","Sat","Northwestern","34","@","Purdue","29"
"375","369","7","Oct 15, 2005","Sat","Ohio State","35","","Michigan State","24"
"376","370","7","Oct 15, 2005","Sat","Oklahoma","19","@","Kansas","3"
"377","371","7","Oct 15, 2005","Sat","Oregon","45","","Washington","21"
"378","372","7","Oct 15, 2005","Sat","Oregon State","23","@","California","20"
"379","373","7","Oct 15, 2005","Sat","Pittsburgh","31","","South Florida","17"
"380","374","7","Oct 15, 2005","Sat","Rutgers","31","@","Syracuse","9"
"381","375","7","Oct 15, 2005","Sat","San Diego State","28","@","Utah","19"
"382","376","7","Oct 15, 2005","Sat","Southern California","34","@","Notre Dame","31"
"383","377","7","Oct 15, 2005","Sat","Southern Mississippi","52","","Central Florida","31"
"384","378","7","Oct 15, 2005","Sat","Stanford","20","@","Arizona","16"
"385","379","7","Oct 15, 2005","Sat","Texas","42","","Colorado","17"
"386","380","7","Oct 15, 2005","Sat","Texas A&M","62","","Oklahoma State","23"
"387","381","7","Oct 15, 2005","Sat","Texas Christian","38","","Army","17"
"388","382","7","Oct 15, 2005","Sat","Texas Tech","59","","Kansas State","20"
"389","383","7","Oct 15, 2005","Sat","Toledo","34","@","Ball State","14"
"390","384","7","Oct 15, 2005","Sat","Tulsa","41","@","Rice","21"
"391","385","7","Oct 15, 2005","Sat","UCLA","44","@","Washington State","41"
"392","386","7","Oct 15, 2005","Sat","Virginia","26","","Florida State","21"
"393","387","7","Oct 15, 2005","Sat","West Virginia","46","","Louisville","44"
"394","388","7","Oct 15, 2005","Sat","Wisconsin","38","@","Minnesota","34"
"396","389","8","Oct 20, 2005","Thu","Troy","18","","Florida International","13"
"397","390","8","Oct 20, 2005","Thu","Virginia Tech","28","@","Maryland","9"
"398","391","8","Oct 21, 2005","Fri","Central Florida","34","","Tulane","24"
"399","392","8","Oct 21, 2005","Fri","Southern Mississippi","37","@","Alabama-Birmingham","28"
"400","393","8","Oct 22, 2005","Sat","Alabama","6","","Tennessee","3"
"401","394","8","Oct 22, 2005","Sat","Arkansas State","3","","Florida Atlantic","0"
"402","395","8","Oct 22, 2005","Sat","Army","20","@","Akron","0"
"403","396","8","Oct 22, 2005","Sat","Boise State","45","@","Utah State","21"
"404","397","8","Oct 22, 2005","Sat","California","42","","Washington State","38"
"405","398","8","Oct 22, 2005","Sat","Clemson","37","","Temple","7"
"406","399","8","Oct 22, 2005","Sat","Colorado","44","","Kansas","13"
"407","400","8","Oct 22, 2005","Sat","Colorado State","39","","Wyoming","31"
"408","401","8","Oct 22, 2005","Sat","Florida State","55","@","Duke","24"
"409","402","8","Oct 22, 2005","Sat","Fresno State","40","@","Idaho","10"
"410","403","8","Oct 22, 2005","Sat","Georgia","23","","Arkansas","20"
"411","404","8","Oct 22, 2005","Sat","Hawaii","45","@","San Jose State","38"
"412","405","8","Oct 22, 2005","Sat","Houston","28","@","Mississippi State","16"
"413","406","8","Oct 22, 2005","Sat","Iowa State","37","","Oklahoma State","10"
"414","407","8","Oct 22, 2005","Sat","Louisiana","13","@","Middle Tennessee State","10"
"415","408","8","Oct 22, 2005","Sat","Louisiana State","20","","Auburn","17"
"416","409","8","Oct 22, 2005","Sat","Louisiana Tech","40","","North Texas","14"
"417","410","8","Oct 22, 2005","Sat","Louisville","46","@","Cincinnati","22"
"418","411","8","Oct 22, 2005","Sat","Memphis","27","","East Carolina","24"
"419","412","8","Oct 22, 2005","Sat","Miami (OH)","24","@","Eastern Michigan","23"
"420","413","8","Oct 22, 2005","Sat","Michigan","23","@","Iowa","20"
"421","414","8","Oct 22, 2005","Sat","Mississippi","13","","Kentucky","7"
"422","415","8","Oct 22, 2005","Sat","Missouri","41","","Nebraska","24"
"423","416","8","Oct 22, 2005","Sat","Navy","41","@","Rice","9"
"424","417","8","Oct 22, 2005","Sat","New Mexico","47","@","San Diego State","24"
"425","418","8","Oct 22, 2005","Sat","North Carolina","7","","Virginia","5"
"426","419","8","Oct 22, 2005","Sat","Northern Illinois","34","@","Kent State","3"
"427","420","8","Oct 22, 2005","Sat","Northwestern","49","@","Michigan State","14"
"428","421","8","Oct 22, 2005","Sat","Notre Dame","49","","Brigham Young","23"
"429","422","8","Oct 22, 2005","Sat","Ohio","38","","Ball State","21"
"430","423","8","Oct 22, 2005","Sat","Ohio State","41","@","Indiana","10"
"431","424","8","Oct 22, 2005","Sat","Oklahoma","37","","Baylor","30"
"432","425","8","Oct 22, 2005","Sat","Oregon","28","@","Arizona","21"
"433","426","8","Oct 22, 2005","Sat","Penn State","63","@","Illinois","10"
"434","427","8","Oct 22, 2005","Sat","Pittsburgh","34","","Syracuse","17"
"435","428","8","Oct 22, 2005","Sat","Rutgers","26","@","Connecticut","24"
"436","429","8","Oct 22, 2005","Sat","South Carolina","35","","Vanderbilt","28"
"437","430","8","Oct 22, 2005","Sat","Southern California","51","@","Washington","24"
"438","431","8","Oct 22, 2005","Sat","Stanford","45","","Arizona State","35"
"439","432","8","Oct 22, 2005","Sat","Texas","52","","Texas Tech","17"
"440","433","8","Oct 22, 2005","Sat","Texas A&M","30","@","Kansas State","28"
"441","434","8","Oct 22, 2005","Sat","Texas Christian","48","@","Air Force","10"
"442","435","8","Oct 22, 2005","Sat","Texas-El Paso","31","","Marshall","3"
"443","436","8","Oct 22, 2005","Sat","Toledo","38","","Buffalo","15"
"444","437","8","Oct 22, 2005","Sat","Tulsa","20","","Southern Methodist","13"
"445","438","8","Oct 22, 2005","Sat","UCLA","51","","Oregon State","28"
"446","439","8","Oct 22, 2005","Sat","Utah","42","@","Nevada-Las Vegas","32"
"447","440","8","Oct 22, 2005","Sat","Wake Forest","27","","North Carolina State","19"
"448","441","8","Oct 22, 2005","Sat","Western Michigan","45","@","Bowling Green State","14"
"449","442","8","Oct 22, 2005","Sat","Wisconsin","31","","Purdue","20"
"451","443","9","Oct 27, 2005","Thu","Virginia Tech","30","","Boston College","10"
"452","444","9","Oct 28, 2005","Fri","Colorado State","35","@","New Mexico","25"
"453","445","9","Oct 29, 2005","Sat","Akron","24","@","Bowling Green State","14"
"454","446","9","Oct 29, 2005","Sat","Alabama","35","","Utah State","3"
"455","447","9","Oct 29, 2005","Sat","Arizona","29","@","Oregon State","27"
"456","448","9","Oct 29, 2005","Sat","Arizona State","44","","Washington","20"
"457","449","9","Oct 29, 2005","Sat","Auburn","27","","Mississippi","3"
"458","450","9","Oct 29, 2005","Sat","Ball State","31","@","Northern Illinois","17"
"459","451","9","Oct 29, 2005","Sat","Boise State","49","","Nevada","14"
"460","452","9","Oct 29, 2005","Sat","Brigham Young","62","","Air Force","41"
"461","453","9","Oct 29, 2005","Sat","Central Florida","30","@","East Carolina","20"
"462","454","9","Oct 29, 2005","Sat","Central Michigan","21","","Toledo","17"
"463","455","9","Oct 29, 2005","Sat","Cincinnati","22","@","Syracuse","16"
"464","456","9","Oct 29, 2005","Sat","Colorado","23","@","Kansas State","20"
"465","457","9","Oct 29, 2005","Sat","Florida","14","","Georgia","10"
"466","458","9","Oct 29, 2005","Sat","Florida State","35","","Maryland","27"
"467","459","9","Oct 29, 2005","Sat","Fresno State","27","@","Hawaii","13"
"468","460","9","Oct 29, 2005","Sat","Georgia Tech","10","","Clemson","9"
"469","461","9","Oct 29, 2005","Sat","Idaho","38","@","New Mexico State","37"
"470","462","9","Oct 29, 2005","Sat","Iowa State","42","@","Texas A&M","14"
"471","463","9","Oct 29, 2005","Sat","Kansas","13","","Missouri","3"
"472","464","9","Oct 29, 2005","Sat","Kentucky","13","","Mississippi State","7"
"473","465","9","Oct 29, 2005","Sat","Louisiana","31","","Troy","28"
"474","466","9","Oct 29, 2005","Sat","Louisiana State","56","","North Texas","3"
"475","467","9","Oct 29, 2005","Sat","Louisiana Tech","31","","San Jose State","14"
"476","468","9","Oct 29, 2005","Sat","Marshall","27","@","Tulane","26"
"477","469","9","Oct 29, 2005","Sat","Miami (FL)","34","","North Carolina","16"
"478","470","9","Oct 29, 2005","Sat","Miami (OH)","41","@","Temple","14"
"479","471","9","Oct 29, 2005","Sat","Michigan","33","@","Northwestern","17"
"480","472","9","Oct 29, 2005","Sat","Michigan State","46","","Indiana","15"
"481","473","9","Oct 29, 2005","Sat","North Carolina State","21","","Southern Mississippi","17"
"482","474","9","Oct 29, 2005","Sat","Ohio","34","@","Buffalo","20"
"483","475","9","Oct 29, 2005","Sat","Ohio State","45","@","Minnesota","31"
"484","476","9","Oct 29, 2005","Sat","Oklahoma","31","@","Nebraska","24"
"485","477","9","Oct 29, 2005","Sat","Penn State","33","","Purdue","15"
"486","478","9","Oct 29, 2005","Sat","Rutgers","31","","Navy","21"
"487","479","9","Oct 29, 2005","Sat","South Carolina","16","@","Tennessee","15"
"488","480","9","Oct 29, 2005","Sat","Southern California","55","","Washington State","13"
"489","481","9","Oct 29, 2005","Sat","Texas","47","@","Oklahoma State","28"
"490","482","9","Oct 29, 2005","Sat","Texas Christian","23","@","San Diego State","20"
"491","483","9","Oct 29, 2005","Sat","Texas Tech","28","@","Baylor","0"
"492","484","9","Oct 29, 2005","Sat","Texas-El Paso","38","@","Rice","31"
"493","485","9","Oct 29, 2005","Sat","UCLA","30","@","Stanford","27"
"494","486","9","Oct 29, 2005","Sat","Wake Forest","44","@","Duke","6"
"495","487","9","Oct 29, 2005","Sat","Western Michigan","44","","Kent State","14"
"496","488","9","Oct 29, 2005","Sat","Wisconsin","41","@","Illinois","24"
"498","489","10","Nov 1, 2005","Tue","Alabama-Birmingham","37","@","Memphis","20"
"499","490","10","Nov 2, 2005","Wed","West Virginia","45","","Connecticut","13"
"500","491","10","Nov 3, 2005","Thu","Louisville","42","","Pittsburgh","20"
"501","492","10","Nov 4, 2005","Fri","Toledo","30","@","Ohio","21"
"502","493","10","Nov 5, 2005","Sat","Alabama","17","@","Mississippi State","0"
"503","494","10","Nov 5, 2005","Sat","Arizona","52","","UCLA","14"
"504","495","10","Nov 5, 2005","Sat","Arizona State","27","@","Washington State","24"
"505","496","10","Nov 5, 2005","Sat","Army","27","@","Air Force","24"
"506","497","10","Nov 5, 2005","Sat","Auburn","49","@","Kentucky","27"
"507","498","10","Nov 5, 2005","Sat","Ball State","23","","Akron","17"
"508","499","10","Nov 5, 2005","Sat","Boise State","56","","New Mexico State","6"
"509","500","10","Nov 5, 2005","Sat","Bowling Green State","24","@","Kent State","14"
"510","501","10","Nov 5, 2005","Sat","Brigham Young","55","@","Nevada-Las Vegas","14"
"511","502","10","Nov 5, 2005","Sat","Central Florida","31","","Houston","29"
"512","503","10","Nov 5, 2005","Sat","Clemson","49","","Duke","20"
"513","504","10","Nov 5, 2005","Sat","Colorado","41","","Missouri","12"
"514","505","10","Nov 5, 2005","Sat","Florida","49","","Vanderbilt","42"
"515","506","10","Nov 5, 2005","Sat","Florida International","31","@","Louisiana-Monroe","29"
"516","507","10","Nov 5, 2005","Sat","Fresno State","45","","San Jose State","7"
"517","508","10","Nov 5, 2005","Sat","Georgia Tech","30","","Wake Forest","17"
"518","509","10","Nov 5, 2005","Sat","Iowa State","45","","Kansas State","17"
"519","510","10","Nov 5, 2005","Sat","Kansas","40","","Nebraska","15"
"520","511","10","Nov 5, 2005","Sat","Louisiana","31","@","North Texas","28"
"521","512","10","Nov 5, 2005","Sat","Louisiana State","24","","Non-Major","0"
"522","513","10","Nov 5, 2005","Sat","Louisiana Tech","27","@","Utah State","17"
"523","514","10","Nov 5, 2005","Sat","Miami (FL)","27","@","Virginia Tech","7"
"524","515","10","Nov 5, 2005","Sat","Miami (OH)","54","","Buffalo","13"
"525","516","10","Nov 5, 2005","Sat","Middle Tennessee State","45","","Arkansas State","7"
"526","517","10","Nov 5, 2005","Sat","Minnesota","42","@","Indiana","21"
"527","518","10","Nov 5, 2005","Sat","Navy","49","","Tulane","21"
"528","519","10","Nov 5, 2005","Sat","Nevada","38","","Hawaii","28"
"529","520","10","Nov 5, 2005","Sat","North Carolina","16","","Boston College","14"
"530","521","10","Nov 5, 2005","Sat","North Carolina State","20","@","Florida State","15"
"531","522","10","Nov 5, 2005","Sat","Northern Illinois","31","@","Central Michigan","28"
"532","523","10","Nov 5, 2005","Sat","Northwestern","28","","Iowa","27"
"533","524","10","Nov 5, 2005","Sat","Notre Dame","41","","Tennessee","21"
"534","525","10","Nov 5, 2005","Sat","Ohio State","40","","Illinois","2"
"535","526","10","Nov 5, 2005","Sat","Oregon","27","","California","20"
"536","527","10","Nov 5, 2005","Sat","Oregon State","18","@","Washington","10"
"537","528","10","Nov 5, 2005","Sat","Penn State","35","","Wisconsin","14"
"538","529","10","Nov 5, 2005","Sat","Purdue","28","","Michigan State","21"
"539","530","10","Nov 5, 2005","Sat","South Carolina","14","@","Arkansas","10"
"540","531","10","Nov 5, 2005","Sat","South Florida","45","@","Rutgers","31"
"541","532","10","Nov 5, 2005","Sat","Southern California","51","","Stanford","21"
"542","533","10","Nov 5, 2005","Sat","Southern Methodist","27","","Rice","7"
"543","534","10","Nov 5, 2005","Sat","Texas","62","@","Baylor","0"
"544","535","10","Nov 5, 2005","Sat","Texas Christian","33","","Colorado State","6"
"545","536","10","Nov 5, 2005","Sat","Texas Tech","56","","Texas A&M","17"
"546","537","10","Nov 5, 2005","Sat","Texas-El Paso","41","","Tulsa","38"
"547","538","10","Nov 5, 2005","Sat","Troy","28","","Florida Atlantic","14"
"548","539","10","Nov 5, 2005","Sat","Utah","43","","Wyoming","13"
"549","540","10","Nov 5, 2005","Sat","Virginia","51","","Temple","3"
"550","541","10","Nov 5, 2005","Sat","Western Michigan","44","@","Eastern Michigan","36"
"552","542","11","Nov 8, 2005","Tue","Southern Mississippi","27","@","Marshall","24"
"553","543","11","Nov 9, 2005","Wed","West Virginia","38","@","Cincinnati","0"
"554","544","11","Nov 10, 2005","Thu","Fresno State","27","","Boise State","7"
"555","545","11","Nov 11, 2005","Fri","Louisville","56","","Rutgers","5"
"556","546","11","Nov 12, 2005","Sat","Arkansas","28","@","Mississippi","17"
"557","547","11","Nov 12, 2005","Sat","Arkansas State","9","","Troy","3"
"558","548","11","Nov 12, 2005","Sat","Army","34","","Non-Major","27"
"559","549","11","Nov 12, 2005","Sat","Auburn","31","@","Georgia","30"
"560","550","11","Nov 12, 2005","Sat","Ball State","26","@","Eastern Michigan","25"
"561","551","11","Nov 12, 2005","Sat","Boston College","30","","North Carolina State","10"
"562","552","11","Nov 12, 2005","Sat","Brigham Young","35","@","Wyoming","21"
"563","553","11","Nov 12, 2005","Sat","Buffalo","10","@","Kent State","6"
"564","554","11","Nov 12, 2005","Sat","Central Florida","27","@","Alabama-Birmingham","21"
"565","555","11","Nov 12, 2005","Sat","Clemson","35","","Florida State","14"
"566","556","11","Nov 12, 2005","Sat","Florida Atlantic","26","","North Texas","23"
"567","557","11","Nov 12, 2005","Sat","Hawaii","50","","Utah State","23"
"568","558","11","Nov 12, 2005","Sat","Iowa","20","@","Wisconsin","10"
"569","559","11","Nov 12, 2005","Sat","Iowa State","30","","Colorado","16"
"570","560","11","Nov 12, 2005","Sat","Kentucky","48","@","Vanderbilt","43"
"571","561","11","Nov 12, 2005","Sat","Louisiana","28","","Florida International","7"
"572","562","11","Nov 12, 2005","Sat","Louisiana State","16","@","Alabama","13"
"573","563","11","Nov 12, 2005","Sat","Louisiana Tech","41","@","Idaho","38"
"574","564","11","Nov 12, 2005","Sat","Louisiana-Monroe","34","@","Middle Tennessee State","31"
"575","565","11","Nov 12, 2005","Sat","Maryland","33","@","North Carolina","30"
"576","566","11","Nov 12, 2005","Sat","Miami (FL)","47","@","Wake Forest","17"
"577","567","11","Nov 12, 2005","Sat","Michigan","41","","Indiana","14"
"578","568","11","Nov 12, 2005","Sat","Minnesota","41","","Michigan State","18"
"579","569","11","Nov 12, 2005","Sat","Missouri","31","","Baylor","16"
"580","570","11","Nov 12, 2005","Sat","Nebraska","27","","Kansas State","25"
"581","571","11","Nov 12, 2005","Sat","Nevada","48","@","New Mexico State","24"
"582","572","11","Nov 12, 2005","Sat","New Mexico","31","@","Utah","27"
"583","573","11","Nov 12, 2005","Sat","Notre Dame","42","","Navy","21"
"584","574","11","Nov 12, 2005","Sat","Ohio State","48","","Northwestern","7"
"585","575","11","Nov 12, 2005","Sat","Oklahoma","36","","Texas A&M","30"
"586","576","11","Nov 12, 2005","Sat","Oklahoma State","24","","Texas Tech","17"
"587","577","11","Nov 12, 2005","Sat","Oregon","34","@","Washington State","31"
"588","578","11","Nov 12, 2005","Sat","Pittsburgh","24","","Connecticut","0"
"589","579","11","Nov 12, 2005","Sat","Purdue","37","","Illinois","3"
"590","580","11","Nov 12, 2005","Sat","Rice","42","","Tulane","34"
"591","581","11","Nov 12, 2005","Sat","San Diego State","30","@","Colorado State","10"
"592","582","11","Nov 12, 2005","Sat","South Carolina","30","","Florida","22"
"593","583","11","Nov 12, 2005","Sat","South Florida","27","@","Syracuse","0"
"594","584","11","Nov 12, 2005","Sat","Southern California","35","@","California","10"
"595","585","11","Nov 12, 2005","Sat","Stanford","20","@","Oregon State","17"
"596","586","11","Nov 12, 2005","Sat","Tennessee","20","","Memphis","16"
"597","587","11","Nov 12, 2005","Sat","Texas","66","","Kansas","14"
"598","588","11","Nov 12, 2005","Sat","Texas Christian","51","","Nevada-Las Vegas","3"
"599","589","11","Nov 12, 2005","Sat","Texas-El Paso","45","","Non-Major","0"
"600","590","11","Nov 12, 2005","Sat","Tulsa","45","","East Carolina","13"
"601","591","11","Nov 12, 2005","Sat","UCLA","45","","Arizona State","35"
"602","592","11","Nov 12, 2005","Sat","Virginia","27","","Georgia Tech","17"
"603","593","11","Nov 12, 2005","Sat","Washington","38","@","Arizona","14"
"604","594","11","Nov 12, 2005","Sat","Western Michigan","31","","Central Michigan","24"
"605","595","11","Nov 13, 2005","Sun","Houston","27","","Southern Mississippi","24"
"607","596","12","Nov 15, 2005","Tue","Akron","27","","Ohio","3"
"608","597","12","Nov 15, 2005","Tue","Bowling Green State","42","@","Miami (OH)","14"
"609","598","12","Nov 16, 2005","Wed","Northern Illinois","35","@","Toledo","17"
"610","599","12","Nov 19, 2005","Sat","Air Force","42","@","New Mexico","24"
"611","600","12","Nov 19, 2005","Sat","Alabama-Birmingham","35","@","Texas-El Paso","23"
"612","601","12","Nov 19, 2005","Sat","Arkansas","44","","Mississippi State","10"
"613","602","12","Nov 19, 2005","Sat","Army","38","","Arkansas State","10"
"614","603","12","Nov 19, 2005","Sat","Auburn","28","","Alabama","18"
"615","604","12","Nov 19, 2005","Sat","Baylor","44","","Oklahoma State","34"
"616","605","12","Nov 19, 2005","Sat","Boise State","70","","Idaho","35"
"617","606","12","Nov 19, 2005","Sat","Boston College","31","@","Maryland","16"
"618","607","12","Nov 19, 2005","Sat","California","27","@","Stanford","3"
"619","608","12","Nov 19, 2005","Sat","Central Florida","31","@","Rice","28"
"620","609","12","Nov 19, 2005","Sat","Central Michigan","31","@","Ball State","24"
"621","610","12","Nov 19, 2005","Sat","Clemson","13","@","South Carolina","9"
"622","611","12","Nov 19, 2005","Sat","Colorado State","31","@","Nevada-Las Vegas","27"
"623","612","12","Nov 19, 2005","Sat","East Carolina","34","@","Marshall","29"
"624","613","12","Nov 19, 2005","Sat","Eastern Michigan","38","@","Buffalo","14"
"625","614","12","Nov 19, 2005","Sat","Florida International","38","","Non-Major","35"
"626","615","12","Nov 19, 2005","Sat","Georgia","45","","Kentucky","13"
"627","616","12","Nov 19, 2005","Sat","Georgia Tech","14","@","Miami (FL)","10"
"628","617","12","Nov 19, 2005","Sat","Iowa","52","","Minnesota","28"
"629","618","12","Nov 19, 2005","Sat","Kansas State","36","","Missouri","28"
"630","619","12","Nov 19, 2005","Sat","Louisiana State","40","@","Mississippi","7"
"631","620","12","Nov 19, 2005","Sat","Louisiana-Monroe","24","@","North Texas","19"
"632","621","12","Nov 19, 2005","Sat","Memphis","24","@","Southern Mississippi","22"
"633","622","12","Nov 19, 2005","Sat","Navy","38","","Temple","17"
"634","623","12","Nov 19, 2005","Sat","Nevada","30","@","Utah State","24"
"635","624","12","Nov 19, 2005","Sat","North Carolina","24","","Duke","21"
"636","625","12","Nov 19, 2005","Sat","North Carolina State","24","","Middle Tennessee State","3"
"637","626","12","Nov 19, 2005","Sat","Northwestern","38","@","Illinois","21"
"638","627","12","Nov 19, 2005","Sat","Notre Dame","34","","Syracuse","10"
"639","628","12","Nov 19, 2005","Sat","Ohio State","25","@","Michigan","21"
"640","629","12","Nov 19, 2005","Sat","Oregon","56","","Oregon State","14"
"641","630","12","Nov 19, 2005","Sat","Penn State","31","@","Michigan State","22"
"642","631","12","Nov 19, 2005","Sat","Purdue","41","@","Indiana","14"
"643","632","12","Nov 19, 2005","Sat","San Diego State","34","","Wyoming","21"
"644","633","12","Nov 19, 2005","Sat","San Jose State","27","","New Mexico State","10"
"645","634","12","Nov 19, 2005","Sat","South Florida","31","","Cincinnati","16"
"646","635","12","Nov 19, 2005","Sat","Southern California","50","","Fresno State","42"
"647","636","12","Nov 19, 2005","Sat","Southern Methodist","29","@","Houston","24"
"648","637","12","Nov 19, 2005","Sat","Texas Tech","23","","Oklahoma","21"
"649","638","12","Nov 19, 2005","Sat","Tulsa","38","@","Tulane","14"
"650","639","12","Nov 19, 2005","Sat","Utah","41","@","Brigham Young","34"
"651","640","12","Nov 19, 2005","Sat","Vanderbilt","28","@","Tennessee","24"
"652","641","12","Nov 19, 2005","Sat","Virginia Tech","52","@","Virginia","14"
"653","642","12","Nov 19, 2005","Sat","Washington State","26","@","Washington","22"
"654","643","12","Nov 21, 2005","Mon","Miami (OH)","38","@","Ohio","7"
"656","644","13","Nov 22, 2005","Tue","Toledo","44","@","Bowling Green State","41"
"657","645","13","Nov 23, 2005","Wed","Northern Illinois","42","","Western Michigan","7"
"658","646","13","Nov 24, 2005","Thu","Akron","35","","Kent State","3"
"659","647","13","Nov 24, 2005","Thu","West Virginia","45","","Pittsburgh","13"
"660","648","13","Nov 25, 2005","Fri","Arizona State","23","","Arizona","20"
"661","649","13","Nov 25, 2005","Fri","Louisiana State","19","","Arkansas","17"
"662","650","13","Nov 25, 2005","Fri","Nebraska","30","@","Colorado","3"
"663","651","13","Nov 25, 2005","Fri","Texas","40","@","Texas A&M","29"
"664","652","13","Nov 25, 2005","Fri","Wisconsin","41","@","Hawaii","24"
"665","653","13","Nov 26, 2005","Sat","Arkansas State","31","@","North Texas","24"
"666","654","13","Nov 26, 2005","Sat","Boise State","30","@","Louisiana Tech","13"
"667","655","13","Nov 26, 2005","Sat","Connecticut","15","","South Florida","10"
"668","656","13","Nov 26, 2005","Sat","East Carolina","31","","Alabama-Birmingham","23"
"669","657","13","Nov 26, 2005","Sat","Florida","34","","Florida State","7"
"670","658","13","Nov 26, 2005","Sat","Florida International","52","","Florida Atlantic","6"
"671","659","13","Nov 26, 2005","Sat","Georgia","14","@","Georgia Tech","7"
"672","660","13","Nov 26, 2005","Sat","Houston","35","","Rice","18"
"673","661","13","Nov 26, 2005","Sat","Kansas","24","","Iowa State","21"
"674","662","13","Nov 26, 2005","Sat","Louisiana","54","@","Louisiana-Monroe","21"
"675","663","13","Nov 26, 2005","Sat","Louisville","41","","Syracuse","17"
"676","664","13","Nov 26, 2005","Sat","Memphis","26","","Marshall","3"
"677","665","13","Nov 26, 2005","Sat","Miami (FL)","25","","Virginia","17"
"678","666","13","Nov 26, 2005","Sat","Middle Tennessee State","17","@","Troy","7"
"679","667","13","Nov 26, 2005","Sat","Mississippi State","35","","Mississippi","14"
"680","668","13","Nov 26, 2005","Sat","Nevada","38","","Fresno State","35"
"681","669","13","Nov 26, 2005","Sat","North Carolina State","20","","Maryland","14"
"682","670","13","Nov 26, 2005","Sat","Notre Dame","38","@","Stanford","31"
"683","671","13","Nov 26, 2005","Sat","Oklahoma","42","","Oklahoma State","14"
"684","672","13","Nov 26, 2005","Sat","Rutgers","44","","Cincinnati","9"
"685","673","13","Nov 26, 2005","Sat","San Jose State","26","","Idaho","18"
"686","674","13","Nov 26, 2005","Sat","Southern Methodist","40","","Texas-El Paso","27"
"687","675","13","Nov 26, 2005","Sat","Southern Mississippi","26","","Tulane","7"
"688","676","13","Nov 26, 2005","Sat","Tennessee","27","@","Kentucky","8"
"689","677","13","Nov 26, 2005","Sat","Utah State","24","@","New Mexico State","21"
"690","678","13","Nov 26, 2005","Sat","Virginia Tech","30","","North Carolina","3"
"692","679","14","Dec 1, 2005","Thu","Akron","31","","Northern Illinois","30"
"693","680","14","Dec 2, 2005","Fri","Louisiana Tech","40","@","Fresno State","28"
"694","681","14","Dec 3, 2005","Sat","Florida International","35","","Middle Tennessee State","31"
"695","682","14","Dec 3, 2005","Sat","Florida State","27","","Virginia Tech","22"
"696","683","14","Dec 3, 2005","Sat","Georgia","34","","Louisiana State","14"
"697","684","14","Dec 3, 2005","Sat","Hawaii","49","","San Diego State","38"
"698","685","14","Dec 3, 2005","Sat","Louisville","30","@","Connecticut","20"
"699","686","14","Dec 3, 2005","Sat","Navy","42","","Army","23"
"700","687","14","Dec 3, 2005","Sat","Southern California","66","","UCLA","19"
"701","688","14","Dec 3, 2005","Sat","Texas","70","","Colorado","3"
"702","689","14","Dec 3, 2005","Sat","Tulsa","44","@","Central Florida","27"
"703","690","14","Dec 3, 2005","Sat","West Virginia","28","@","South Florida","13"
"705","691","15","Dec 20, 2005","Tue","Southern Mississippi","31","","Arkansas State","19"
"706","692","15","Dec 21, 2005","Wed","Toledo","45","","Texas-El Paso","13"
"707","693","15","Dec 22, 2005","Thu","California","35","","Brigham Young","28"
"708","694","15","Dec 22, 2005","Thu","Navy","51","","Colorado State","30"
"709","695","15","Dec 23, 2005","Fri","Kansas","42","","Houston","13"
"710","696","15","Dec 24, 2005","Sat","Nevada","49","","Central Florida","48"
"711","697","15","Dec 26, 2005","Mon","Memphis","38","","Akron","31"
"713","698","16","Dec 27, 2005","Tue","Arizona State","45","","Rutgers","40"
"714","699","16","Dec 27, 2005","Tue","Clemson","19","","Colorado","10"
"715","700","16","Dec 28, 2005","Wed","Boston College","27","@","Boise State","21"
"716","701","16","Dec 28, 2005","Wed","Nebraska","32","","Michigan","28"
"717","702","16","Dec 29, 2005","Thu","Oklahoma","17","","Oregon","14"
"718","703","16","Dec 29, 2005","Thu","Utah","38","","Georgia Tech","10"
"719","704","16","Dec 30, 2005","Fri","Louisiana State","40","","Miami (FL)","3"
"720","705","16","Dec 30, 2005","Fri","Missouri","38","","South Carolina","31"
"721","706","16","Dec 30, 2005","Fri","UCLA","50","","Northwestern","38"
"722","707","16","Dec 30, 2005","Fri","Virginia","34","","Minnesota","31"
"723","708","16","Dec 31, 2005","Sat","North Carolina State","14","","South Florida","0"
"724","709","16","Dec 31, 2005","Sat","Texas Christian","27","","Iowa State","24"
"725","710","16","Dec 31, 2005","Sat","Tulsa","31","","Fresno State","24"
"727","711","17","Jan 2, 2006","Mon","Alabama","13","","Texas Tech","10"
"728","712","17","Jan 2, 2006","Mon","Florida","31","","Iowa","24"
"729","713","17","Jan 2, 2006","Mon","Ohio State","34","","Notre Dame","20"
"730","714","17","Jan 2, 2006","Mon","Virginia Tech","35","","Louisville","24"
"731","715","17","Jan 2, 2006","Mon","West Virginia","38","","Georgia","35"
"732","716","17","Jan 2, 2006","Mon","Wisconsin","24","","Auburn","10"
"734","717","18","Jan 3, 2006","Tue","Penn State","26","","Florida State","23"
"735","718","18","Jan 4, 2006","Wed","Texas","41","@","Southern California","38"
